id_desdobramento_2;cd_desdobramento_2;nome
1;10;TRANSFERENCIA DE CONVENIOS DOS MUNICIPIOS E DE SUAS ENTIDADES
2;0;OUTROS IMPOSTOS
3;1;OUTROS IMPOSTOS
4;0;IMPOSTOS SOBRE O COMERCIO EXTERIOR
5;1;IMPOSTO SOBRE A IMPORTACAO
6;1;RECEITA INTRAORCAMENTARIA - TAXAS DE INSPECAO, CONTROLE E FISCALIZACAO
7;0;RECEITA INTRAORCAMENTARIA - CONTRIBUICOES
8;0;DEDUCAO DAS RECEITAS - IMPOSTOS ESPECIFICOS DE ESTADOS/DF MUNICIPIOS
9;1;DEDUCAO DAS RECEITAS - IMPOSTO SOBRE A PROPRIEDADE DE VEICULOS AUTOMOTORES
10;1;DEDUCAO DAS RECEITAS - IMPOSTO SOBRE A PROPRIEDADE DE VEICULOS AUTOMOTORES - DIVIDA ATIVA
11;1;"DEDUCAO DAS RECEITAS - IMPOSTO SOBRE TRANSMISSAO ""CAUSA MORTIS"" E DOACAO DE BENS E DIREITOS - MULTAS E JUROS"
12;2;DEDUCAO DAS RECEITAS - IMPOSTO SOBRE OPERACOES RELATIVAS A CIRCULACAO DE MERCADORIAS E SOBRE PRESTACOES DE SERVICOS DE TRANSPORTE INTERESTADUAL E INTE
13;1;RECEITA INTRAORCAMENTARIA - SERVICOS ADMINISTRATIVOS E COMERCIAIS GERAIS
14;0;RECEITA INTRAORCAMENTARIA - OUTROS SERVICOS
15;1;TRANSFERENCIAS DE OUTRAS INSTITUICOES PUBLICAS
16;1;TRANSFERENCIAS DE PESSOAS FISICAS
17;0;OUTRAS RECEITAS DE CAPITAL
18;1;DEDUCAO DAS RECEITAS - MULTAS PREVISTAS EM LEGISLACAO ESPECIFICA - PRINCIPAL - MULTA ISOLADA POR INFRACAO A OBRIGACAO ACESSORIA
19;1;DEDUCAO DAS RECEITAS - MULTAS PREVISTAS EM LEGISLACAO ESPECIFICA - DIVIDA ATIVA
20;1;DEDUCAO DAS RECEITAS - MULTAS PREVISTAS EM LEGISLACAO ESPECIFICA - DIVIDA ATIVA - MULTA ISOLADA POR INFRACAO A OBRIGACAO ACESSORIA - CESSAO DE DIREITO
21;0;DEDUCAO DAS RECEITAS - JUROS E CORRECOES MONETARIAS
22;0;DEDUCAO DAS RECEITAS - OUTROS VALORES MOBILIARIOS - PRINCIPAL - TITULOS DE RESPONSABILIDADE DO GOVERNO FEDERAL - VINCULADO AO RPPS
23;1;DEDUCAO DAS RECEITAS - COTA-PARTE DO FUNDO DE PARTICIPACAO DOS ESTADOS E DO DISTRITO FEDERAL - PRINCIPAL
24;1;DEDUCAO DAS RECEITAS - COTA-PARTE DO IMPOSTO SOBRE PRODUTOS INDUSTRIALIZADOS - ESTADOS EXPORTADORES DE PRODUTOS INDUSTRIALIZADOS - PRINCIPAL - FUNDEB
25;0;DEMAIS RECEITAS PATRIMONIAIS
26;99;OUTRAS CONTRIBUICOES SOCIAIS
27;4;DELEGACAO PARA A PRESTACAO DOS SERVICOS DE TRANSPORTE AQUAVIARIO
28;0;RECEITA INDUSTRIAL
29;0;DELEGACAO DOS SERVICOS DE INFRAESTRUTURA
30;0;SERVICOS ADMINISTRATIVOS E COMERCIAIS GERAIS
31;0;DEMAIS DELEGACOES DE SERVICOS PUBLICOS
32;5;COTA-PARTE DO ADICIONAL AO FRETE PARA A RENOVACAO DA MARINHA MERCANTE - AFRMM
33;0;PETROLEO - REGIME DE CONCESSAO
34;2;ROYALTIES MINIMOS PELA PRODUCAO DE PETROLEO - CESSAO ONEROSA - DECLARACAO DE COMERCIALIDADE A PARTIR DE 3/12/2012
35;9;CONTRIBUICAO PARA OS PROGRAMAS DE INTEGRACAO SOCIAL E DE FORMACAO DO PATRIMONIO DO SERVIDOR PUBLICO - PIS E PASEP
36;0;CONTRIBUICAO PARA O CUSTEIO DO SERVICO DE ILUMINACAO PUBLICA
37;0;EXPLORACAO DO PATRIMONIO IMOBILIARIO DO ESTADO
38;2;CONCESSAO DE USO DO POTENCIAL DE ENERGIA HIDRAULICA
39;16;CONTRIBUICAO INDUSTRIAL RURAL
40;17;ADICIONAL A CONTRIBUICAO PREVIDENCIARIA RURAL
41;2;EMOLUMENTOS E CUSTAS JUDICIAIS
42;4;CONTRIBUICAO DE MELHORIA PARA PAVIMENTACAO E OBRAS COMPLEMENTARES
43;99;OUTRAS CONTRIBUICOES DE MELHORIA
44;0;CONTRIBUICOES SOCIAIS
45;4;SERVICOS AEROPORTUARIOS
46;8;RESTITUICAO DE GARANTIAS PRESTADAS
47;1;SERVICOS DE ATENDIMENTO A SAUDE
48;0;RESSARCIMENTOS
49;8;PREMIO DO SEGURO OBRIGATORIO DE DANOS PESSOAIS CAUSADOS POR VEICULOS AUTOMOTORES DE VIA TERRESTRE - DPVAT
50;10;RESERVA GLOBAL DE REVERSAO
51;1;TRANSFERENCIAS DOS ESTADOS E DISTRITO FEDERAL A CONSORCIOS PUBLICOS
52;3;TRANSFERENCIA DE RECURSOS DO SISTEMA UNICO DE SAUDE - SUS - REPASSES FUNDO A FUNDO
53;4;TRANSFERENCIAS DE RECURSOS DO FUNDO NACIONAL DE ASSISTENCIA SOCIAL - FNAS
54;99;OUTRAS TRANSFERENCIAS MULTIGOVERNAMENTAIS
55;10;TRANSFERENCIA DE CONVENIOS DO EXTERIOR
56;2;MULTAS PREVISTAS NA LEI GERAL DAS TELECOMUNICACOES
57;0;ALIENACAO DE BENS MOVEIS E SEMOVENTES
58;0;AMORTIZACAO DE EMPRESTIMOS
59;2;AMORTIZACAO PROVENIENTE DA EXECUCAO DE GARANTIA - OPERACOES DE CREDITO
60;8;MULTAS DECORRENTES DE SENTENCAS JUDICIAIS
61;0;INDENIZACOES
62;0;RESTITUICOES
63;1;RESTITUICAO DE CONVENIOS
64;1;IMPOSTOS SOBRE O PATRIMONIO PARA ESTADOS/DF/MUNICIPIOS
65;0;RECEITA INTRAORCAMENTARIA - CONTRIBUICOES SOCIAIS
66;4;RECEITA INTRAORCAMENTARIA - CONTRIBUICAO PARA O REGIME PROPRIO DE PREVIDENCIA SOCIAL - RPPS
67;99;RECEITA INTRAORCAMENTARIA - OUTROS RESSARCIMENTOS
68;0;SEM DESCRICAO
69;1;DEDUCAO DAS RECEITAS - IMPOSTO SOBRE A PROPRIEDADE DE VEICULOS AUTOMOTORES - MULTAS E JUROS
70;1;DEDUCAO DAS RECEITAS - IMPOSTO SOBRE A PROPRIEDADE DE VEICULOS AUTOMOTORES - DIVIDA ATIVA - MULTAS E JUROS
71;1;"DEDUCAO DAS RECEITAS - IMPOSTO SOBRE TRANSMISSAO ""CAUSA MORTIS"" E DOACAO DE BENS E DIREITOS - DIVIDA ATIVA - COTA PARTE DO ESTADO PARA O FUNDEB"
72;2;RECEITA INTRAORCAMENTARIA - CONCESSAO, PERMISSAO, AUTORIZACAO OU CESSAO DO DIREITO DE USO DE BENS IMOVEIS PUBLICOS
73;0;TRANSFERENCIAS DE OUTRAS INSTITUICOES PUBLICAS - ESPECIFICAS DE ESTADOS, DF E MUNICIPIOS
74;0;TRANSFERENCIAS PROVENIENTES DE DEPOSITO NAO IDENTIFICADOS - ESPECIFICA E/DF/M
75;0;INTEGRALIZACAO DE CAPITAL SOCIAL
76;0;REMUNERACAO DAS DISPONIBILIDADES DO TESOURO
77;1;DEDUCAO DAS RECEITAS - MULTAS PREVISTAS EM LEGISLACAO ESPECIFICA - DIVIDA ATIVA - MULTA ISOLADA POR INFRACAO A OBRIGACAO ACESSORIA
78;0;DEDUCAO DAS RECEITAS - OUTROS VALORES MOBILIARIOS - PRINCIPAL - TITULOS DE RESPONSABILIDADE DO GOVERNO FEDERAL
79;1;DEDUCAO DAS RECEITAS - COTA-PARTE DO FUNDO DE PARTICIPACAO DOS ESTADOS E DO DISTRITO FEDERAL - PRINCIPAL - FUNDEB
80;6;DEDUCAO DAS RECEITAS - TRANSFERENCIA FINANCEIRA DO ICMS - DESONERACAO - L.C. NO 87/96
81;1;DELEGACAO PARA EXPLORACAO DA INFRAESTRUTURA DE TRANSPORTE RODOVIARIO
82;1;DEMAIS DELEGACOES DE SERVICOS PUBLICOS
83;3;CONTRIBUICAO SOBRE APOSTAS EM COMPETICOES HIPICAS
84;2;ROYALTIES MINIMOS PELA PRODUCAO DE PETROLEO - CONTRATO DE CONCESSAO
85;6;CONTRIBUICAO SOBRE AS RECEITAS DE CONCESSIONARIAS E PERMISSIONARIAS DE ENERGIA ELETRICA
86;99;OUTRAS CONTRIBUICOES ECONOMICAS
87;1;CONTRIBUICOES PARA ENTIDADES PRIVADAS DE SERVICO SOCIAL E DE FORMACAO PROFISSIONAL
88;3;ROYALTIES EXCEDENTES PELA PRODUCAO DE PETROLEO - CESSAO ONEROSA - DECLARACAO DE COMERCIALIDADE A PARTIR DE 3/12/2012
89;11;CONTRIBUICOES REFERENTES AO FUNDO DE GARANTIA DO TEMPO DE SERVICO - FGTS
90;2;CONCESSAO, PERMISSAO, AUTORIZACAO OU CESSAO DO DIREITO DE USO DE BENS IMOVEIS PUBLICOS
91;0;JUROS E CORRECOES MONETARIAS
92;1;COMPENSACOES AMBIENTAIS
93;0;CONTRIBUICOES
94;0;EXPLORACAO DO PATRIMONIO INTANGIVEL
95;2;SERVICOS DE TRANSPORTE
96;9;RESTITUICAO DE RECURSOS DE FOMENTO
97;1;RESSARCIMENTO POR OPERADORAS DE SEGUROS PRIVADOS DE ASSISTENCIA A SAUDE
98;1;RETORNO DE OPERACOES, JUROS E ENCARGOS FINANCEIROS
99;1;BENS, DIREITOS E VALORES PERDIDOS EM FAVOR DO PODER PUBLICO
100;0;TRANSFERENCIAS DA UNIAO E DE SUAS ENTIDADES
308;11;RESTITUICAO DECORRENTE DA APLICACAO IRREGULAR DE RECURSOS ELEITORAIS
309;12;RESTITUICAO DE DEPOSITOS DE SENTENCAS JUDICIAIS NAO SACADOS
310;2;TRANSFERENCIAS DE MUNICIPIOS A CONSORCIOS PUBLICOS
311;4;RESSARCIMENTO AO REGIME GERAL DE PREVIDENCIA SOCIAL - RGPS
312;99;OUTROS SERVICOS
313;0;TRANSFERENCIAS CORRENTES
314;0;TRANSFERENCIAS DOS ESTADOS E DO DISTRITO FEDERAL E DE SUAS ENTIDADES
315;0;EMPRESTIMOS COMPULSORIOS
316;5;TRANSFERENCIAS DE RECURSOS DO FUNDO NACIONAL DO DESENVOLVIMENTO DA EDUCACAO - FNDE
317;1;OPERACOES DE CREDITO INTERNAS DE ESTADOS/DF/MUNICIPIOS
318;0;OPERACOES DE CREDITO - MERCADO EXTERNO
319;3;MULTAS PREVISTAS NA LEGISLACAO DO SEGURO-DESEMPREGO E ABONO SALARIAL
320;1;AMORTIZACAO DE EMPRESTIMOS - BEA/BIB
321;11;MULTA POR DESCUMPRIMENTO DE OBRIGACAO PREVIDENCIARIA ACESSORIA
322;80;AMORTIZACAO DE FINANCIAMENTO DO FUNDO DE FINANCIAMENTO AO ESTUDANTE DO ENSINO SUPERIOR - FIES
323;0;SERVICOS E ATIVIDADES REFERENTES A NAVEGACAO E AO TRANSPORTE
324;1;SERVICOS DE NAVEGACAO
325;1;IMPOSTO SOBRE PRODUTOS INDUSTRIALIZADOS - IPI
326;3;TAXA DE CONTROLE E FISCALIZACAO DE PRODUTOS QUIMICOS
327;0;TAXAS PELO EXERCICIO DO PODER DE POLICIA
328;2;IMPOSTO SOBRE A RENDA DE PESSOA JURIDICA - IRPJ - LIQUIDA DE INCENTIVOS
329;0;RECEITA INTRAORCAMENTARIA - IMPOSTOS, TAXAS E CONTRIBUICOES DE MELHORIA
330;1;DEDUCAO DAS RECEITAS - IMPOSTOS SOBRE O PATRIMONIO PARA ESTADOS/DF/MUNICIPIOS
331;1;"DEDUCAO DAS RECEITAS - IMPOSTO SOBRE TRANSMISSAO ""CAUSA MORTIS"" E DOACAO DE BENS E DIREITOS - PRINCIPAL - COTA PARTE DO ESTADO PARA O FUNDEB"
332;1;"DEDUCAO DAS RECEITAS - IMPOSTO SOBRE TRANSMISSAO ""CAUSA MORTIS"" E DOACAO DE BENS E DIREITOS - DIVIDA ATIVA"
333;0;RECEITA INTRAORCAMENTARIA - EXPLORACAO DO PATRIMONIO IMOBILIARIO DO ESTADO
334;0;RECEITA INTRAORCAMENTARIA - EXPLORACAO DE RECURSOS NATURAIS
335;0;RECEITA INTRAORCAMENTARIA - TRANSFERENCIAS CORRENTES
336;10;TRANSFERENCIAS DE CONVENIOS DE INSTITUICOES PRIVADAS
337;1;DEDUCAO DAS RECEITAS - MULTAS PREVISTAS EM LEGISLACAO ESPECIFICA - PRINCIPAL - MULTA ISOLADA POR INFRACAO A OBRIGACAO ACESSORIA - CESSAO DE DIREITOS C
338;0;OUTRAS OPERACOES DE CREDITO - MERCADO INTERNO
339;0;DEDUCAO DAS RECEITAS - REMUNERACAO DOS RECURSOS DO REGIME PROPRIO DE PREVIDENCIA SOCIAL - RPPS - PRINCIPAL
340;1;DEDUCAO DAS RECEITAS - PARTICIPACAO NA RECEITA DA UNIAO
341;5;DELEGACAO PARA A PRESTACAO DOS SERVICOS DE TRANSPORTE AEROVIARIO
342;0;RECEITA DE SERVICOS
343;1;SERVICOS ADMINISTRATIVOS E COMERCIAIS GERAIS
344;0;EXPLORACAO DE RECURSOS NATURAIS
345;8;CONTRIBUICAO RELATIVA AS ATIVIDADES DE IMPORTACAO E COMERCIALIZACAO DE PETROLEO E SEUS DERIVADOS, GAS NATURAL E ALCOOL CARBURANTE - CIDE COMBUSTIVEIS
346;6;CONTRIBUICAO PARA OS FUNDOS DE ASSISTENCIA MEDICA
347;9;CONTRIBUICAO SOBRE A RECEITA DAS EMPRESAS PRESTADORAS DE SERVICOS DE TELECOMUNICACOES
348;11;CONTRIBUICAO SOBRE O FATURAMENTO DAS EMPRESAS DE INFORMATICA
349;1;OUTORGA DE DIREITOS DE EXPLORACAO E PESQUISA MINERAL
350;14;CONTRIBUICAO PARA O DESENVOLVIMENTO DO ENSINO PROFISSIONAL MARITIMO
351;99;DEMAIS RECEITAS DE CONCESSAO FLORESTAL
352;1;CONTRIBUICAO PARA O FINANCIAMENTO DA SEGURIDADE SOCIAL - COFINS
353;2;CONTRIBUICAO SOCIAL SOBRE O LUCRO LIQUIDO - CSLL
354;1;OUTORGA DE DIREITO DE USO OU DE EXPLORACAO DE CRIACAO PROTEGIDA - INSTITUICAO CIENTIFICA E TECNOLOGICA
355;0;DELEGACAO PARA A PRESTACAO DOS SERVICOS DE TRANSPORTE
356;2;TRANSFERENCIA DA COTA-PARTE DA COMPENSACAO FINANCEIRA (25%)
357;5;RESTITUICAO DE CONTRIBUICOES PREVIDENCIARIAS COMPLEMENTARES
358;2;RESSARCIMENTO DE CUSTOS
359;3;REVERSAO DE GARANTIAS
360;0;SERVICOS E ATIVIDADES FINANCEIRAS
361;1;APORTES PERIODICOS PARA AMORTIZACAO DE DEFICIT ATUARIAL DO RPPS
362;2;APORTES PERIODICOS PARA COMPENSACOES AO RGPS
363;7;DISPONIBILIDADES DE RECURSOS DO FUNDO SOCIAL
364;9;PRESTACAO DE CONTAS ELEITORAIS
365;0;OPERACOES DE CREDITO
366;0;OPERACAO DE CREDITO EXTERNAS - ESTADOS/DF/MUNICIPIOS
367;0;ALIENACAO DE BENS MOVEIS
368;0;ALIENACAO DE TITULOS MOBILIARIOS
369;0;ALIENACAO DE ESTOQUES
370;5;MULTAS PREVISTAS EM LEI POR INFRACOES NO SETOR DE ENERGIA ELETRICA
371;6;MULTAS POR DANOS AMBIENTAIS
372;4;AMORTIZACAO DE EMPRESTIMOS - REFINANCIAMENTO DE DIVIDAS DE MEDIO E LONGO PRAZO
373;5;AMORTIZACAO DE EMPRESTIMOS - PROGRAMA DAS OPERACOES OFICIAIS DE CREDITO
374;6;AMORTIZACAO DE EMPRESTIMOS CONTRATUAIS
375;0;TRANSFERENCIAS DOS ESTADOS - ESPECIFICAS DE ESTADOS, DF E MUNICIPIOS
376;2;RESTITUICAO DE BENEFICIOS NAO DESEMBOLSADOS
377;4;TAXA DE CONTROLE E FISCALIZACAO AMBIENTAL
378;0;IMPOSTOS, TAXAS E CONTRIBUICOES DE MELHORIA
379;1;IMPOSTO SOBRE A RENDA DE PESSOA FISICA - IRPF
380;0;DEMAIS RECEITAS DE CAPITAL ESPECIFICAS DE ESTADOS, DF E MUNICIPIOS
381;0;RECEITA INTRAORCAMENTARIA - RESTITUICOES
382;0;DEDUCAO DAS RECEITAS
383;1;DEDUCAO DAS RECEITAS - IMPOSTO SOBRE A PROPRIEDADE DE VEICULOS AUTOMOTORES - DIVIDA ATIVA - COTA PARTE DO ESTADO PARA O FUNDEB
384;1;"DEDUCAO DAS RECEITAS - IMPOSTO SOBRE TRANSMISSAO ""CAUSA MORTIS"" E DOACAO DE BENS E DIREITOS - DIVIDA ATIVA - MULTAS E JUROS - COTA PARTE DO ESTADO PAR"
385;0;RECEITA INTRAORCAMENTARIA - RECEITA DE SERVICOS
386;0;TRANSFERENCIAS DO EXTERIOR - ESPECIFICAS DE ESTADOS, DF E MUNICIPIOS
387;1;TRANSFERENCIAS DO EXTERIOR
388;1;DEDUCAO DAS RECEITAS - MULTAS PREVISTAS EM LEGISLACAO ESPECIFICA
389;99;OUTRAS TRANSFERENCIAS DA UNIAO
390;0;DEDUCAO DAS RECEITAS - OUTROS VALORES MOBILIARIOS
391;1;DEDUCAO DAS RECEITAS - COTA-PARTE DO FUNDO DE PARTICIPACAO DOS ESTADOS E DO DISTRITO FEDERAL
392;1;CONTRIBUICOES PARA O PROGRAMA DE INTEGRACAO NACIONAL - PIN E PARA O PROGRAMA DE REDISTRIBUICAO DE TERRAS E DE ESTIMULO A AGROINDUSTRIA DO NORTE E DO N
393;7;CONTRIBUICOES SOBRE CONCURSOS DE PROGNOSTICOS E SORTEIOS
394;1;ALUGUEIS, ARRENDAMENTOS, FOROS, LAUDEMIOS, TARIFAS DE OCUPACAO
395;12;CONTRIBUICAO SOCIAL DO SALARIO-EDUCACAO
396;0;EXPLORACAO DE RECURSOS FLORESTAIS
397;15;CONTRIBUICAO SOBRE A ARRECADACAO DOS FUNDOS DE INVESTIMENTOS REGIONAIS
398;0;CONTRIBUICAO DE MELHORIA - ESPECIFICA DE ESTADOS, DF E MUNICIPIOS
399;0;DIVIDENDOS
400;2;DIREITO DE USO DA IMAGEM E DE REPRODUCAO DOS BENS DO ACERVO PATRIMONIAL
401;1;CESSAO DO DIREITO DE OPERACIONALIZACAO DE PAGAMENTOS
402;4;TRANSFERENCIAS DE ESTADOS A CONSORCIOS PUBLICOS
403;4;RESTITUICAO DE BENEFICIOS ASSISTENCIAIS
404;99;OUTRAS TRANSFERENCIAS DOS ESTADOS
405;2;SERVICOS DE ASSISTENCIA A SAUDE DE SERVIDORES CIVIS E MILITARES
406;4;PREMIOS PRESCRITOS DE CONCURSOS DE PROGNOSTICOS
407;10;TRANSFERENCIAS DE CONVENIOS DOS ESTADOS E DO DISTRITO FEDERAL E DE SUAS ENTIDADES
408;5;BARREIRAS TECNICAS AO COMERCIO EXTERIOR
409;0;OPERACOES DE CREDITO - MERCADO INTERNO
410;0;TITULOS DE RESPONSABILIDADE DO TESOURO NACIONAL - MERCADO INTERNO
411;0;OPERACOES DE CREDITO CONTRATUAIS - MERCADO INTERNO
412;1;TRANSFERENCIAS DE MUNICIPIOS A CONSORCIOS PUBLICOS
413;1;MULTAS PREVISTAS EM LEGISLACAO ESPECIFICA
414;6;TRANSFERENCIA FINANCEIRA DO ICMS - DESONERACAO - L.C. NO 87/96
415;1;OPERACOES DE CREDITO EXTERNAS - ESTADOS/DF/ MUNICIPIOS
416;3;ALIENACAO DE ESTOQUES DO PROGRAMA DE AQUISICAO DE ALIMENTOS - PAA
417;0;ALIENACAO DE BENS IMOVEIS
418;9;MULTAS E JUROS PREVISTOS EM CONTRATOS
419;99;OUTRAS INDENIZACOES
420;4;RECEITA INTRAORCAMENTARIA - TAXA DE CONTROLE E FISCALIZACAO AMBIENTAL
421;0;RECURSOS ARRECADADOS EM EXERCICIOS ANTERIORES
422;0;DEDUC?O DAS RECEITAS - OUTRAS RECEITAS CORRENTES
423;0;DEDUC?O DAS RECEITAS - TRANSFERENCIAS CORRENTES
424;0;DEDUC?O DAS RECEITAS - IMPOSTOS, TAXAS E CONTRIBUIC?ES DE MELHORIA
425;0;DEDUC?O DAS RECEITAS - IMPOSTOS
426;0;DEDUC?O DAS RECEITAS - TRANSFERENCIAS DA UNI?O E DE SUAS ENTIDADES
427;0;DEDUC?O DAS RECEITAS - RECEITA PATRIMONIAL
428;0;DEDUCAO DAS RECEITAS - OUTRAS RECEITAS CORRENTES
429;0;DEDUCAO DAS RECEITAS - RECEITA PATRIMONIAL
430;4;TRANSFERENCIAS DE RECURSOS DO SISTEMA UNICO DE SAUDE ? SUS - BLOCO INVESTIMENTOS NA REDE DE SERVICOS PUBLICOS DE SAUDE
431;0;DEDUCAO DAS RECEITAS - IMPOSTOS, TAXAS E CONTRIBUICOES DE MELHORIA
432;12;TRANSFERENCIAS DE RECURSOS DO FUNDO NACIONAL DE ASSISTENCIA SOCIAL - FNAS
433;0;DEDUCAO DAS RECEITAS - IMPOSTOS
434;0;DEDUCAO DAS RECEITAS - TRANSFERENCIAS CORRENTES
435;0;DEDUCAO DAS RECEITAS - TRANSFERENCIAS DA UNIAO E DE SUAS ENTIDADES
436;0;RECEITA INTRAORCAMENTARIA - CONTRIBUICAO PARA PREVIDENCIA MILITAR DE ESTADOS, DF E MUNICIPIOS
437;3;TRANSFERENCIA DE RECURSOS DO SISTEMA UNICO DE SAUDE ? SUS ? REPASSES FUNDO A FUNDO BLOCO CUSTEIO DAS ACOES E SERVICOS PUBLICOS DE SAUDE
101;3;COMPENSACOES FINANCEIRAS ENTRE O REGIME GERAL E OS REGIMES PROPRIOS DE PREVIDENCIA DOS SERVIDORES
102;4;CONTRIBUICAO AO MONTEPIO CIVIL
103;6;CONTRAPARTIDA DE SUBVENCOES OU SUBSIDIOS
104;0;OPERACOES DE CREDITO - MERCADO INTERNO - ESTADOS/DF/MUNICIPIOS
105;4;MULTAS PREVISTAS NA LEGISLACAO SOBRE DEFESA DOS DIREITOS DIFUSOS
106;4;ALIENACAO DE ESTOQUES DE CAFE - FUNCAFE
107;4;SERVICOS DE INFORMACAO E TECNOLOGIA
108;0;INDENIZACOES, RESTITUICOES E RESSARCIMENTOS
109;10;TRANSFERENCIAS DE CONVENIOS DA UNIAO E DE SUAS ENTIDADES
110;10;TRANSFERENCIA DE CONVENIOS DA UNIAO E DE SUAS ENTIDADES
111;1;TAXAS PELA PRESTACAO DE SERVICOS
112;5;TAXA DE CONTROLE E FISCALIZACAO DA PESCA E AQUICULTURA
113;0;IMPOSTOS
114;1;DEDUCAO DAS RECEITAS - IMPOSTO SOBRE A PROPRIEDADE DE VEICULOS AUTOMOTORES - PRINCIPAL
115;1;DEDUCAO DAS RECEITAS - IMPOSTO SOBRE A PROPRIEDADE DE VEICULOS AUTOMOTORES - MULTAS E JUROS - COTA PARTE DO ESTADO PARA O FUNDEB
116;1;"DEDUCAO DAS RECEITAS - IMPOSTO SOBRE TRANSMISSAO ""CAUSA MORTIS"" E DOACAO DE BENS E DIREITOS - MULTAS E JUROS - COTA PARTE DO ESTADO PARA O FUNDEB"
117;0;RECEITA INTRAORCAMENTARIA - SERVICOS ADMINISTRATIVOS E COMERCIAIS GERAIS
118;4;RECEITA INTRAORCAMENTARIA - SERVICOS DE INFORMACAO E TECNOLOGIA
119;99;RECEITA INTRAORCAMENTARIA - OUTROS SERVICOS
120;0;RECEITA INTRAORCAMENTARIA - TRANSFERENCIAS DOS ESTADOS - ESPECIFICA E/M
121;0;RECEITA INTRAORCAMENTARIA - INDENIZACOES, RESTITUICOES E RESSARCIMENTOS
122;0;TRANSFERENCIAS DE INSTITUICOES PRIVADAS - ESPECIFICAS DE ESTADOS, DF E MUNICIPIOS
123;1;TRANSFERENCIAS PROVENIENTES DE DEPOSITO NAO IDENTIFICADOS - ESPECIFICA E/M
124;0;SEM INFORMACAO
125;0;DEDUCAO DAS RECEITAS - OUTROS VALORES MOBILIARIOS - PRINCIPAL
126;0;DEDUCAO DAS RECEITAS - TRANSFERENCIAS DA UNIAO - ESPECIFICA E/M
127;6;DEDUCAO DAS RECEITAS - TRANSFERENCIA FINANCEIRA DO ICMS - DESONERACAO - L.C. NO 87/96 - PRINCIPAL - FUNDEB
128;0;CONTRIBUICOES SOCIAIS ESPECIFICAS DE ESTADOS, DF E MUNICIPIOS
129;1;CONTRIBUICOES PARA O REGIME PROPRIO DE PREVIDENCIA SOCIAL - RPPS DE ESTADOS/DF/MUNICIPIOS
130;4;PARTICIPACAO ESPECIAL PELA PRODUCAO DE PETROLEO - CONTRATO DE CONCESSAO
131;0;CONTRIBUICOES ECONOMICAS ESPECIFICAS DE ESTADOS E MUNICIPIOS
132;0;EXPLORACAO DE RECURSOS MINERAIS
133;8;CONTRIBUICAO SOBRE SORTEIOS REALIZADOS POR ENTIDADES FILANTROPICAS
134;0;RECEITA PATRIMONIAL
135;0;EXPLORACAO DE RECURSOS HIDRICOS
136;1;OUTORGA DE DIREITOS DE USO DE RECURSOS HIDRICOS
137;1;CONCESSAO DE FLORESTAS NACIONAIS
138;0;VALORES MOBILIARIOS
139;2;OUTRAS CONCESSOES FLORESTAIS
140;1;CONTRIBUICAO DE MELHORIA PARA EXPANSAO DA REDE DE AGUA POTAVEL E ESGOTO SANITARIO
141;0;PARTICIPACOES
142;3;CONTRIBUICOES PARA O REGIME GERAL DE PREVIDENCIA SOCIAL - RGPS
143;5;TRANSFERENCIAS DE RECURSOS DESTINADOS A PROGRAMAS DE EDUCACAO
144;7;TRANSFERENCIAS DE ESTADOS DESTINADAS A ASSISTENCIA SOCIAL
145;2;CONCESSAO DE AVAIS, GARANTIAS E SEGUROS
146;0;DEMAIS RECEITAS CORRENTES
147;1;PARTICIPACAO NA RECEITA DA UNIAO
148;1;TRANSFERENCIAS DE RECURSOS DO FUNDO DE MANUTENCAO E DESENVOLVIMENTO DA EDUCACAO BASICA E DE VALORIZACAO DOS PROFISSIONAIS DA EDUCACAO - FUNDEB
149;11;VARIACAO CAMBIAL
150;12;ENCARGOS LEGAIS PELA INSCRICAO EM DIVIDA ATIVA E RECEITAS DE ONUS DE SUCUMBENCIA
151;0;OPERACOES DE CREDITO CONTRATUAIS - MERCADO EXTERNO
152;7;TRANSFERENCIAS DA UNIAO A CONSORCIOS PUBLICOS
153;0;ALIENACAO DE BENS
154;3;SERVICOS DE REGISTRO, CERTIFICACAO E FISCALIZACAO
155;2;ALIENACAO DE ESTOQUES COMERCIAIS DESTINADOS A PROGRAMAS SOCIAIS
156;7;MULTAS APLICADAS PELOS TRIBUNAIS DE CONTAS
157;0;ALIENACAO DE BENS INTANGIVEIS
158;3;AMORTIZACAO DE EMPRESTIMOS - ESTADOS E MUNICIPIOS
159;10;MULTAS PREVISTAS NA LEGISLACAO SOBRE REGIME DE PREVIDENCIA PRIVADA COMPLEMENTAR
160;0;TRANSFERENCIAS DE CAPITAL
161;1;TRANSFERENCIAS DA UNIAO A CONSORCIOS PUBLICOS
162;2;INDENIZACAO POR POSSE OU OCUPACAO ILICITA DE BENS PUBLICOS
163;3;INDENIZACAO POR SINISTRO
164;10;TRANSFERENCIAS DE CONVENIOS DOS MUNICIPIOS E DE SUAS ENTIDADES
165;99;OUTRAS RESTITUICOES
166;0;IMPOSTOS SOBRE A PRODUCAO, CIRCULACAO DE MERCADORIAS E SERVICOS
167;0;TAXAS PELA PRESTACAO DE SERVICOS
168;1;IMPOSTO SOBRE OPERACOES FINANCEIRAS - IOF
169;2;IMPOSTOS SOBRE A PRODUCAO, CIRCULACAO DE MERCADORIAS E SERVICOS
170;2;IMPOSTO SOBRE A EXPORTACAO
171;0;IMPOSTOS SOBRE O PATRIMONIO
172;1;IMPOSTO SOBRE A PROPRIEDADE TERRITORIAL RURAL
173;0;RECEITAS CORRENTES
174;0;RECEITA INTRAORCAMENTARIA
175;1;DEDUCAO DAS RECEITAS - IMPOSTO SOBRE A PROPRIEDADE DE VEICULOS AUTOMOTORES - DIVIDA ATIVA - MULTAS E JUROS - COTA PARTE DO ESTADO PARA O FUNDEB
176;99;RECEITA INTRAORCAMENTARIA - OUTRAS CONTRIBUICOES SOCIAIS
177;0;RECEITA INTRAORCAMENTARIA - RECEITA PATRIMONIAL
178;0;RECEITA INTRAORCAMENTARIA - DEMAIS RECEITAS PATRIMONIAIS
179;0;RECEITA INTRAORCAMENTARIA - RECEITA INDUSTRIAL
180;1;RECEITA INTRAORCAMENTARIA - SERVICOS DE ATENDIMENTO A SAUDE
181;0;TRANSFERENCIAS DE INSTITUICOES PRIVADAS
182;0;TRANSFERENCIAS DE PESSOAS FISICAS
183;0;TRANSFERENCIAS PROVENIENTES DE DEPOSITOS NAO IDENTIFICADOS
184;2;CONTRIBUICAO PARA PREVIDENCIA MILITAR DE ESTADOS, DF E MUNICIPIOS
185;0;DEDUCAO DAS RECEITAS - MULTAS ADMINISTRATIVAS, CONTRATUAIS E JUDICIAIS
186;4;CONTRIBUICAO PARA O REGIME PROPRIO DE PREVIDENCIA SOCIAL - RPPS
187;3;DELEGACAO PARA EXPLORACAO DA INFRAESTRUTURA DE TRANSPORTE AQUAVIARIO
188;0;DELEGACAO DOS SERVICOS DE TELECOMUNICACAO
189;4;CONTRIBUICAO PARA O DESENVOLVIMENTO DA INDUSTRIA CINEMATOGRAFICA NACIONAL - CONDECINE
190;1;OUTORGA DE EXPLORACAO E PRODUCAO DE PETROLEO E GAS NATURAL - REGIME DE CONCESSAO
191;0;PETROLEO - REGIME DE PARTILHA DE PRODUCAO
192;1;OUTORGA DOS SERVICOS DE EXPLORACAO E PRODUCAO DE PETROLEO E GAS NATURAL - REGIME DE PARTILHA DE PRODUCAO
193;2;ROYALTIES PELA PRODUCAO DE PETROLEO - PARTILHA DE PRODUCAO - DECLARACAO DE COMERCIALIDADE A PARTIR DE 3/12/2012
194;10;COTA-PARTE DA CONTRIBUICAO SINDICAL
195;13;CONTRIBUICAO PARA O ENSINO AEROVIARIO
196;2;CONTRIBUICAO DE MELHORIA PARA EXPANSAO DA REDE DE ILUMINACAO PUBLICA NA CIDADE
197;0;DELEGACAO DE SERVICOS PUBLICOS MEDIANTE CONCESSAO, PERMISSAO, AUTORIZACAO OU LICENCA
198;0;CESSAO DE DIREITOS
199;3;TRANSFERENCIAS DE RECURSOS DO SISTEMA UNICO DE SAUDE - SUS
200;8;TRANSFERENCIAS ADVINDAS DE EMENDAS PARLAMENTARES INDIVIDUAIS
201;3;SERVICOS PORTUARIOS
202;1;PARTICIPACAO NA RECEITA DOS ESTADOS
203;3;RESTITUICAO DE BENEFICIOS PREVIDENCIARIOS
204;0;SERVICOS E ATIVIDADES REFERENTES A SAUDE
205;0;TRANSFERENCIAS DOS MUNICIPIOS E DE SUAS ENTIDADES
206;1;TRANSFERENCIAS DE RECURSOS DO SISTEMA UNICO DE SAUDE - SUS
207;0;BENS, DIREITOS E VALORES INCORPORADOS AO PATRIMONIO PUBLICO
208;99;OUTRAS TRANSFERENCIAS DOS MUNICIPIOS
209;3;REMUNERACAO SOBRE REPASSE PARA PROGRAMAS DE DESENVOLVIMENTO ECONOMICO
210;0;OUTROS SERVICOS
211;0;TRANSFERENCIAS DA UNIAO - ESPECIFICAS DE ESTADOS, DF E MUNICIPIOS
212;99;OUTRAS RECEITAS
213;0;TRANSFERENCIAS DOS ESTADOS, DISTRITO FEDERAL, E DE SUAS ENTIDADES
214;0;RECEITAS DE CAPITAL
215;0;MULTAS ADMINISTRATIVAS, CONTRATUAIS E JUDICIAIS
216;0;TITULOS DE RESPONSABILIDADE DO TESOURO NACIONAL - MERCADO EXTERNO
217;0;OUTRAS OPERACOES DE CREDITO - MERCADO EXTERNO
218;2;INSCRICAO EM CONCURSOS E PROCESSOS SELETIVOS
219;1;ALIENACAO DE TITULOS MOBILIARIOS
220;7;AMORTIZACAO DE FINANCIAMENTOS
221;10;TRANSFERENCIA DE CONVENIOS DE INSTITUICOES PRIVADAS
222;0;IMPOSTOS SOBRE OPERACOES DE CREDITO, CAMBIO E SEGURO, OU RELATIVAS A TITULOS OU VALORES MOBILIARIOS
223;0;TAXAS
224;0;RESGATE DE TITULOS DO TESOURO
225;0;DEMAIS RECEITAS DE CAPITAL
226;0;RECEITA INTRAORCAMENTARIA - TAXAS
227;99;RECEITA INTRAORCAMENTARIA - OUTRAS RESTITUICOES
228;0;RECEITA INTRAORCAMENTARIA - DEMAIS RECEITAS CORRENTES
229;99;RECEITA INTRAORCAMENTARIA - OUTRAS RECEITAS
230;1;"DEDUCAO DAS RECEITAS - IMPOSTO SOBRE TRANSMISSAO ""CAUSA MORTIS"" E DOACAO DE BENS E DIREITOS - PRINCIPAL"
231;1;"DEDUCAO DAS RECEITAS - IMPOSTO SOBRE TRANSMISSAO ""CAUSA MORTIS"" E DOACAO DE BENS E DIREITOS - DIVIDA ATIVA - MULTAS E JUROS"
232;2;DEDUCAO DAS RECEITAS - IMPOSTOS SOBRE A PRODUCAO, CIRCULACAO DE MERCADORIAS E SERVICOS
233;0;DEDUCAO DAS RECEITAS - VALORES MOBILIARIOS
234;1;RECEITA INTRAORCAMENTARIA - ALUGUEIS, ARRENDAMENTOS, FOROS, LAUDEMIOS, TARIFAS DE OCUPACAO
235;1;RECEITA INTRAORCAMENTARIA - COMPENSACOES AMBIENTAIS
236;3;RECEITA INTRAORCAMENTARIA - SERVICOS DE REGISTRO, CERTIFICACAO E FISCALIZACAO
237;0;RECEITA INTRAORCAMENTARIA - TRANSFERENCIAS DOS ESTADOS E DO DISTRITO FEDERAL E DE SUAS ENTIDADES
238;1;RECEITA INTRAORCAMENTARIA - PARTICIPACAO NA RECEITA DOS ESTADOS
239;0;RECEITA INTRAORCAMENTARIA - OUTRAS RECEITAS CORRENTES
240;0;TRANSFERENCIAS DO EXTERIOR
241;11;OUTRAS TRANSFERENCIAS DE RECURSOS FUNDO A FUNDO
242;1;DEDUCAO DAS RECEITAS - COTA-PARTE DO IMPOSTO SOBRE PRODUTOS INDUSTRIALIZADOS - ESTADOS EXPORTADORES DE PRODUTOS INDUSTRIALIZADOS - PRINCIPAL
243;3;DELEGACAO PARA A PRESTACAO DOS SERVICOS DE TRANSPORTE METROVIARIO
244;0;CONTRIBUICOES ECONOMICAS
245;2;CONTRIBUICAO DE LOJAS FRANCAS, ENTREPOSTOS ADUANEIROS E DEPOSITOS ALFANDEGARIOS
246;99;OUTRAS DELEGACOES DE SERVICOS PUBLICOS
247;7;CONTRIBUICAO PELA LICENCA DE USO, AQUISICAO OU TRANSFERENCIA DE TECNOLOGIA - CIDE - REMESSAS AO EXTERIOR
248;5;CONTRIBUICAO PARA O CUSTEIO DAS PENSOES MILITARES
249;0;PETROLEO - REGIME DE CESSAO ONEROSA
250;10;CONTRIBUICAO PARA O FOMENTO DA RADIODIFUSAO PUBLICA
251;2;COMPENSACAO FINANCEIRA PELA EXPLORACAO DE RECURSOS MINERAIS
252;99;OUTRAS RECEITAS IMOBILIARIAS
253;99;OUTRAS DELEGACOES PARA EXPLORACAO DE RECURSOS NATURAIS
254;7;RESTITUICAO DE PARCELAS DO SEGURO DESEMPREGO RECEBIDAS INDEVIDAMENTE
255;10;RESTITUICAO DECORRENTE DA NAO APLICACAO DE INCENTIVOS FISCAIS
256;0;TRANSFERENCIAS DOS MUNICIPIOS - ESPECIFICAS DE ESTADOS, DF E MUNICIPIOS
257;99;OUTROS RESSARCIMENTOS
258;2;ALIENACAO DE BENS APREENDIDOS
259;3;DEPOSITOS ABANDONADOS (DINHEIRO E/OU OBJETOS DE VALOR)
260;2;TRANSFERENCIA DA COMPENSACAO FINANCEIRA PELA EXPLORACAO DE RECURSOS NATURAIS
261;0;OUTRAS RECEITAS CORRENTES
262;1;ALIENACAO DE ESTOQUES DA POLITICA DE GARANTIA DE PRECOS MINIMOS - PGPM
263;0;ALIENACAO DE BENS MOVEIS ESPECIFICA PARA ESTADOS, DISTRITO FEDERAL E MUNICIPIOS
264;1;INDENIZACOES POR DANOS CAUSADOS AO PATRIMONIO PUBLICO
265;3;IMPOSTO SOBRE A RENDA - RETIDO NA FONTE
266;1;TAXAS DE INSPECAO, CONTROLE E FISCALIZACAO
267;2;TAXAS DE FISCALIZACAO DAS TELECOMUNICACOES
268;0;IMPOSTOS ESPECIFICOS DE ESTADOS, DF E MUNICIPIOS
269;0;IMPOSTOS SOBRE A RENDA E PROVENTOS DE QUALQUER NATUREZA
270;1;DEMAIS RECEITAS DE CAPITAL ESPECIFICAS DE E/DF/M
271;0;RECEITA INTRAORCAMENTARIA - TAXAS PELO EXERCICIO DO PODER DE POLICIA
272;0;RECEITA INTRAORCAMENTARIA - RESSARCIMENTOS
273;1;RECEITA INTRAORCAMENTARIA - APORTES PERIODICOS PARA AMORTIZACAO DE DEFICIT ATUARIAL DO RPPS
274;1;DEDUCAO DAS RECEITAS - IMPOSTO SOBRE A PROPRIEDADE DE VEICULOS AUTOMOTORES - PRINCIPAL - COTA PARTE DO ESTADO PARA O FUNDEB
275;1;"DEDUCAO DAS RECEITAS - IMPOSTO SOBRE TRANSMISSAO ""CAUSA MORTIS"" E DOACAO DE BENS E DIREITOS"
276;2;RECEITA INTRAORCAMENTARIA - CONTRIBUICAO PARA PREVIDENCIA MILITAR DE ESTADOS, DF E MUNICIPIOS
277;0;RECEITA INTRAORCAMENTARIA - EXPLORACAO DE OUTROS RECURSOS NATURAIS
278;0;RECEITA INTRAORCAMENTARIA - RECEITA AGROPECUARIA
279;0;RECEITA INTRAORCAMENTARIA - SERVICOS E ATIVIDADES REFERENTES A SAUDE
280;0;TRANSFERENCIAS DE OUTRAS INSTITUICOES PUBLICAS
281;0;TRANSFERENCIAS DE PESSOAS FISICAS - ESPECIFICAS DE ESTADOS, DF E MUNICIPIOS
282;0;RESULTADO DO BANCO CENTRAL
283;1;DEDUCAO DAS RECEITAS - MULTAS PREVISTAS EM LEGISLACAO ESPECIFICA - PRINCIPAL
284;10;TRANSFERENCIA DE CONVENIOS DOS ESTADOS E DO DISTRITO FEDERAL E DE SUAS ENTIDADES
285;0;RECEITA INTRAORCAMENTARIA - CONTRIBUICAO
286;0;DEDUCAO DAS RECEITAS - REMUNERACAO DOS RECURSOS DO REGIME PROPRIO DE PREVIDENCIA SOCIAL - RPPS
287;0;DEDUCAO DAS RECEITAS - REMUNERACAO DOS RECURSOS DO REGIME PROPRIO DE PREVIDENCIA SOCIAL - RPPS - PRINCIPAL - RENDA FIXA
288;0;DEDUCAO DAS RECEITAS - REMUNERACAO DOS RECURSOS DO REGIME PROPRIO DE PREVIDENCIA SOCIAL - RPPS - PRINCIPAL - RENDA VARIAVEL
289;1;DEDUCAO DAS RECEITAS - COTA-PARTE DO IMPOSTO SOBRE PRODUTOS INDUSTRIALIZADOS - ESTADOS EXPORTADORES DE PRODUTOS INDUSTRIALIZADOS
290;6;DEDUCAO DAS RECEITAS - TRANSFERENCIA FINANCEIRA DO ICMS - DESONERACAO - L.C. NO 87/96 - PRINCIPAL
291;0;RECEITA AGROPECUARIA
292;2;DELEGACAO PARA A PRESTACAO DOS SERVICOS DE TRANSPORTE FERROVIARIO
293;2;DELEGACAO PARA EXPLORACAO DA INFRAESTRUTURA DE TRANSPORTE FERROVIARIO
294;4;DELEGACAO PARA EXPLORACAO DA INFRAESTRUTURA AEROPORTUARIA
295;3;ROYALTIES EXCEDENTES PELA PRODUCAO DE PETROLEO - CONTRATO DE CONCESSAO
296;1;CONTRIBUICOES ECONOMICAS SOBRE COMMODITIES
297;0;CONTRIBUICOES PARA ENTIDADES PRIVADAS DE SERVICO SOCIAL E DE FORMACAO PROFISSIONAL
298;3;COMPENSACAO FINANCEIRA COM A EXPLORACAO DE RECURSOS HIDRICOS
299;0;CONTRIBUICAO DE MELHORIA
300;18;CONTRIBUICAO SOBRE MOVIMENTACAO OU TRANSMISSAO DE VALORES E DE CREDITOS E DIREITOS DE NATUREZA FINANCEIRA
301;0;EXPLORACAO DE OUTROS RECURSOS NATURAIS
302;3;CONTRIBUICAO DE MELHORIA PARA EXPANSAO DE REDE DE ILUMINACAO PUBLICA RURAL
303;0;OUTROS VALORES MOBILIARIOS
304;1;DELEGACAO PARA A PRESTACAO DOS SERVICOS DE TRANSPORTE RODOVIARIO
305;3;ROYALTIES PELA EXPLORACAO DO PATRIMONIO GENETICO OU CONHECIMENTO TRADICIONAL ASSOCIADO
306;3;TRANSFERENCIA DE RECURSOS DO ESTADO PARA PROGRAMAS DE SAUDE - REPASSE FUNDO A FUNDO
307;6;RESTITUICAO DE DESPESAS DE EXERCICIOS ANTERIORES
438;4;TRANSFERENCIA DE RECURSOS DO SISTEMA UNICO DE SAUDE   SUS   REPASSES FUNDO A FUNDO BLOCO INVESTIMENTO DAS ACOES E SERVICOS PUBLICOS DE SAUDE
836;2;IMPOSTOS SOBRE A PRODU
837;2;TAXAS DE FISCALIZA
838;4;TAXA DE CONTROLE E FISCALIZA
839;1;IMPOSTO SOBRE A IMPORTA
840;2;IMPOSTO SOBRE A EXPORTA
841;1;CONTRIBUI
842;2;CONTRIBUI
843;99;OUTRAS CONTRIBUI
844;2;DELEGA
845;0;RECEITA DE SERVI
846;7;CONTRIBUI
847;8;CONTRIBUI
848;0;CONTRIBUI
849;1;OUTORGA DOS SERVI
850;11;CONTRIBUI
851;0;EXPLORA
852;3;COMPENSA
853;9;PRESTA
854;0;OPERA
855;0;OPERA
856;1;OPERA
857;0;ALIENA
858;1;PARTICIPA
859;0;ALIENA
860;4;ALIENA
861;10;MULTAS PREVISTAS NA LEGISLA
862;3;INDENIZA
863;99;OUTRAS INDENIZA
864;7;AMORTIZA
865;8;RESTITUI
866;4;TRANSFERONCIAS DE RECURSOS DO SISTEMA ENICO DE SAEDE ? SUS - BLOCO INVESTIMENTOS NA REDE DE SERVI
867;4;TRANSFERONCIA DE RECURSOS DO SISTEMA ENICO DE SAEDE ? SUS ? REPASSES FUNDO A FUNDO BLOCO INVESTIMENTO DAS A
868;0;TRANSFERONCIAS DE INSTITUI
869;1;APORTES PERIADICOS PARA AMORTIZA
870;0;RECEITA INTRAOR
871;1;RECEITA INTRAOR
872;4;RECEITA INTRAOR
873;0;RECEITA INTRAOR
874;0;RECEITA INTRAOR
875;0;RECEITA INTRAOR
876;1;RECEITA INTRAOR
877;1;DEDU
878;1;DEDU
879;1;DEDU
880;1;DEDU
881;0;DEDU
882;1;DEDU
883;0;RECEITA INTRAOR
884;1;TAXAS DE INSPE
885;5;TAXA DE CONTROLE E FISCALIZA
886;4;CONTRIBUI
887;0;CONTRIBUI
888;1;CONTRIBUI
889;3;DELEGA
890;3;CONTRIBUI
891;0;DEMAIS DELEGA
892;99;OUTRAS DELEGA
893;5;COTA-PARTE DO ADICIONAL AO FRETE PARA A RENOVA
894;6;CONTRIBUI
895;99;OUTRAS CONTRIBUI
896;1;CONTRIBUI
897;17;ADICIONAL ? CONTRIBUI
898;0;EXPLORA
899;3;MULTAS PREVISTAS NA LEGISLA
900;0;OUTRAS OPERA
901;1;INDENIZA
902;2;RESTITUI
903;4;AMORTIZA
904;6;AMORTIZA
905;80;AMORTIZA
906;7;RESTITUI
907;99;RECEITA INTRAOR
908;0;RECEITA INTRAOR
909;0;RECEITA INTRAOR
910;99;RECEITA INTRAOR
911;0;DEDU
912;1;DEDU
913;1;DEDU
914;1;DEDU
915;1;TRANSFERONCIAS DE OUTRAS INSTITUI
916;0;DEDU
917;0;DEDU
918;1;DEDU
919;0;RECEITA INTRAOR
920;1;DEDU
921;1;DEDU
922;1;DEDU
923;4;CONTRIBUI
924;3;TAXA DE CONTROLE E FISCALIZA
925;1;TAXAS PELA PRESTA
926;0;CONTRIBUI
927;1;IMPOSTO SOBRE OPERA
928;3;SERVI
929;2;DIREITO DE USO DA IMAGEM E DE REPRODU
930;3;ROYALTIES PELA EXPLORA
931;0;DELEGA
932;4;SERVI
933;3;DELEGA
934;3;ROYALTIES EXCEDENTES PELA PRODU
935;1;OUTORGA DE DIREITOS DE EXPLORA
936;15;CONTRIBUI
937;16;CONTRIBUI
938;99;OUTRAS DELEGA
939;12;ENCARGOS LEGAIS PELA INSCRI
940;1;OPERA
941;2;MULTAS PREVISTAS NA LEI GERAL DAS TELECOMUNICA
942;0;OPERA
943;99;OUTROS SERVI
944;1;ALIENA
945;1;ALIENA
946;0;AMORTIZA
947;3;TRANSFERONCIA DE RECURSOS DO SISTEMA ENICO DE SAEDE ? SUS ? REPASSES FUNDO A FUNDO BLOCO CUSTEIO DAS A
948;5;RESTITUI
949;6;TRANSFERONCIA FINANCEIRA DO ICMS - DESONERA
950;1;DEDU
951;10;TRANSFERONCIAS DE CONVONIOS DE INSTITUI
952;0;DEDU
953;0;DEDU
954;1;DEDU
955;1;DEDU
956;1;DEDU
957;1;RECEITA INTRAOR
958;0;TAXAS PELA PRESTA
959;0;IMPOSTOS, TAXAS E CONTRIBUI
960;0;IMPOSTOS SOBRE A PRODU
961;0;CONTRIBUI
962;3;CONTRIBUI
963;1;OUTORGA DE DIREITO DE USO OU DE EXPLORA
964;0;DELEGA
965;0;SERVI
966;2;SERVI
967;1;CONTRIBUI
968;1;SERVI
969;0;CONTRIBUI
970;4;CONTRIBUI
971;0;CONTRIBUI
972;0;EXPLORA
973;10;COTA-PARTE DA CONTRIBUI
974;2;CONCESSCO, PERMISSCO, AUTORIZA
975;0;EXPLORA
976;0;JUROS E CORRE
977;6;CONTRAPARTIDA DE SUBVEN
978;5;TRANSFERONCIAS DE RECURSOS DESTINADOS A PROGRAMAS DE EDUCA
979;0;OUTRAS OPERA
980;2;TRANSFERONCIA DA COTA-PARTE DA COMPENSA
981;0;OPERA
982;2;TRANSFERONCIA DA COMPENSA
983;2;INDENIZA
984;1;RESTITUI
985;2;AMORTIZA
986;9;RESTITUI
987;10;TRANSFERONCIA DE CONVONIOS DE INSTITUI
988;0;TRANSFERONCIAS DE OUTRAS INSTITUI
989;2;RECEITA INTRAOR
990;1;RECEITA INTRAOR
991;3;RECEITA INTRAOR
992;99;RECEITA INTRAOR
993;0;RECEITA INTRAOR
994;0;DEDU
995;1;DEDU
996;1;DEDU
997;1;DEDU
998;0;DEDU
999;0;DEDU
1000;0;DEDU
1001;0;RECEITA INTRAOR
1002;4;RECEITA INTRAOR
1003;0;IMPOSTOS SOBRE OPERA
1004;99;OUTRAS CONTRIBUI
1005;2;CONTRIBUI
1006;3;SERVI
1007;2;DELEGA
1008;2;CONTRIBUI
1009;0;SERVI
1010;1;DEMAIS DELEGA
1011;9;CONTRIBUI
1012;1;CONTRIBUI
1013;13;CONTRIBUI
1014;2;INSCRI
1015;1;TRANSFERONCIAS DE RECURSOS DO FUNDO DE MANUTEN
1016;1;MULTAS PREVISTAS EM LEGISLA
1017;0;OPERA
1018;2;SERVI
1019;0;ALIENA
1020;0;ALIENA
1021;0;ALIENA
1022;3;RESTITUI
1023;11;RESTITUI
1024;0;TRANSFERONCIAS DE INSTITUI
1025;2;ALIENA
1026;0;RECEITA INTRAOR
1027;1;DEDU
1028;1;DEDU
1029;1;DEDU
1030;2;DEDU
1031;2;DEDU
1032;0;DEDU
1033;0;DEDU
1034;0;DEDU
1035;1;DEDU
1036;6;DEDU
1037;6;DEDU
1038;0;RECEITA INTRAOR
1039;0;PARTICIPA
1040;1;DELEGA
1041;0;DELEGA
1042;1;DELEGA
1043;0;CONTRIBUI
1044;0;DELEGA
1045;0;EXPLORA
1046;2;ROYALTIES MONIMOS PELA PRODU
1047;5;CONTRIBUI
1048;6;CONTRIBUI
1049;10;CONTRIBUI
1050;11;CONTRIBUI
1051;0;PETRALEO - REGIME DE PARTILHA DE PRODU
1052;0;EXPLORA
1053;2;COMPENSA
1054;9;CONTRIBUI
1055;14;CONTRIBUI
1056;18;CONTRIBUI
1057;4;CONTRIBUI
1058;11;VARIA
1059;1;RETORNO DE OPERA
1060;11;MULTA POR DESCUMPRIMENTO DE OBRIGA
1061;3;AMORTIZA
1062;5;AMORTIZA
1063;12;RESTITUI
1064;5;TRANSFERONCIAS DE RECURSOS DO FUNDO NACIONAL DO DESENVOLVIMENTO DA EDUCA
1065;0;TRANSFERONCIAS DE OUTRAS INSTITUI
1066;0;RECEITA INTRAOR
1067;2;RECEITA INTRAOR
1068;1;RECEITA INTRAOR
1069;0;RECEITA INTRAOR
1070;0;RECEITA INTRAOR
1071;1;RECEITA INTRAOR
1072;99;RECEITA INTRAOR
1073;6;DEDU
1074;0;RECEITA INTRAOR
1075;1;DEDU
1076;3;CONTRIBUI
1077;4;DELEGA
1078;5;DELEGA
1079;0;SERVI
1080;4;DELEGA
1081;1;CONTRIBUI
1082;2;CONTRIBUI
1083;1;OUTORGA DE EXPLORA
1084;7;CONTRIBUI
1085;2;ROYALTIES MONIMOS PELA PRODU
1086;1;ALUGUIS, ARRENDAMENTOS, FOROS, LAUDOMIOS, TARIFAS DE OCUPA
1087;12;CONTRIBUI
1088;1;PARTICIPA
1089;0;OPERA
1090;0;SERVI
1091;4;MULTAS PREVISTAS NA LEGISLA
1092;3;REMUNERA
1093;5;MULTAS PREVISTAS EM LEI POR INFRA
1094;2;ALIENA
1095;0;ALIENA
1096;10;RESTITUI
1097;99;OUTRAS RESTITUI
1098;2;APORTES PERIADICOS PARA COMPENSA
1099;0;RECEITA INTRAOR
1100;0;RECEITA INTRAOR
1101;99;RECEITA INTRAOR
1102;0;DEDU
1103;1;DEDU
1104;1;DEDU
1105;1;DEDU
1106;0;DEDU
1107;0;DEDU
1108;0;DEDU
1109;1;DEDU
1110;1;DEDU
1111;0;INTEGRALIZA
1112;0;DEDU
1113;1;DEDU
1114;4;RECEITA INTRAOR
1115;1;DEDU
1116;0;CONTRIBUI
1117;1;CESSCO DO DIREITO DE OPERACIONALIZA
1118;4;SERVI
1119;1;SERVI
1120;1;SERVI
1121;8;CONTRIBUI
1122;3;ROYALTIES EXCEDENTES PELA PRODU
1123;4;PARTICIPA
1124;0;CONTRIBUI
1125;2;ROYALTIES PELA PRODU
1126;3;COMPENSA
1127;1;COMPENSA
1128;0;EXPLORA
1129;0;OPERA
1130;0;OUTROS SERVI
1131;8;MULTAS DECORRENTES DE SENTEN
1132;0;ALIENA
1133;3;ALIENA
1134;0;INDENIZA
1135;0;INDENIZA
1136;0;ALIENA
1137;0;RESTITUI
1138;4;RESTITUI
1139;6;RESTITUI
1140;1;AMORTIZA
1141;0;RECEITA INTRAOR
1142;0;RECEITA INTRAOR
1143;0;RECEITA INTRAOR
1144;0;RECEITA INTRAOR
1145;0;RECEITA INTRAOR
1146;0;RECEITA INTRAOR
1147;1;RECEITA INTRAOR
1148;0;RECEITA INTRAOR
1149;0;DEDU
1150;1;DEDU
1151;1;DEDU
1152;0;DEDU
1153;0;REMUNERA
1154;0;RECEITA INTRAOR
1155;2;IMPOSTOS SOBRE A PRODU
1156;2;TAXAS DE FISCALIZA
1157;4;TAXA DE CONTROLE E FISCALIZA
1158;1;IMPOSTO SOBRE A IMPORTA
1159;2;IMPOSTO SOBRE A EXPORTA
1160;1;CONTRIBUI
1161;2;CONTRIBUI
1162;99;OUTRAS CONTRIBUI
1163;2;DELEGA
1164;0;RECEITA DE SERVI
1165;7;CONTRIBUI
1166;8;CONTRIBUI
1167;0;CONTRIBUI
1168;1;OUTORGA DOS SERVI
1169;11;CONTRIBUI
1170;0;EXPLORA
1171;3;COMPENSA
1172;9;PRESTA
1173;0;OPERA
1174;0;OPERA
1175;1;OPERA
1176;0;ALIENA
1177;1;PARTICIPA
1178;0;ALIENA
1179;4;ALIENA
1180;10;MULTAS PREVISTAS NA LEGISLA
1181;3;INDENIZA
1182;99;OUTRAS INDENIZA
1183;7;AMORTIZA
1184;8;RESTITUI
1185;4;TRANSFERONCIAS DE RECURSOS DO SISTEMA ENICO DE SAEDE ? SUS - BLOCO INVESTIMENTOS NA REDE DE SERVI
1186;4;TRANSFERONCIA DE RECURSOS DO SISTEMA ENICO DE SAEDE ? SUS ? REPASSES FUNDO A FUNDO BLOCO INVESTIMENTO DAS A
1187;0;TRANSFERONCIAS DE INSTITUI
1188;1;APORTES PERIADICOS PARA AMORTIZA
1189;0;RECEITA INTRAOR
1190;1;RECEITA INTRAOR
1191;4;RECEITA INTRAOR
1192;0;RECEITA INTRAOR
1193;0;RECEITA INTRAOR
1194;0;RECEITA INTRAOR
1195;1;RECEITA INTRAOR
1196;1;DEDU
1197;1;DEDU
1198;1;DEDU
1199;1;DEDU
1200;0;DEDU
1201;1;DEDU
1202;0;RECEITA INTRAOR
1203;1;TAXAS DE INSPE
1204;5;TAXA DE CONTROLE E FISCALIZA
1205;4;CONTRIBUI
1206;0;CONTRIBUI
1207;1;CONTRIBUI
1208;3;DELEGA
1209;3;CONTRIBUI
1210;0;DEMAIS DELEGA
1211;99;OUTRAS DELEGA
1212;5;COTA-PARTE DO ADICIONAL AO FRETE PARA A RENOVA
1213;6;CONTRIBUI
1214;99;OUTRAS CONTRIBUI
1215;1;CONTRIBUI
1216;17;ADICIONAL ? CONTRIBUI
1217;0;EXPLORA
1218;3;MULTAS PREVISTAS NA LEGISLA
1219;0;OUTRAS OPERA
1220;1;INDENIZA
1221;2;RESTITUI
1222;4;AMORTIZA
1223;6;AMORTIZA
1224;80;AMORTIZA
1225;7;RESTITUI
1226;99;RECEITA INTRAOR
1227;0;RECEITA INTRAOR
1228;0;RECEITA INTRAOR
1229;99;RECEITA INTRAOR
1230;0;DEDU
1231;1;DEDU
1232;1;DEDU
1233;1;DEDU
1234;1;TRANSFERONCIAS DE OUTRAS INSTITUI
1235;0;DEDU
1236;0;DEDU
1237;1;DEDU
1238;0;RECEITA INTRAOR
1239;1;DEDU
1240;1;DEDU
1241;1;DEDU
1242;4;CONTRIBUI
1243;3;TAXA DE CONTROLE E FISCALIZA
1244;1;TAXAS PELA PRESTA
1245;0;CONTRIBUI
1246;1;IMPOSTO SOBRE OPERA
1247;3;SERVI
1248;2;DIREITO DE USO DA IMAGEM E DE REPRODU
1249;3;ROYALTIES PELA EXPLORA
1250;0;DELEGA
1251;4;SERVI
1252;3;DELEGA
1253;3;ROYALTIES EXCEDENTES PELA PRODU
1254;1;OUTORGA DE DIREITOS DE EXPLORA
1255;15;CONTRIBUI
1256;16;CONTRIBUI
1257;99;OUTRAS DELEGA
1258;12;ENCARGOS LEGAIS PELA INSCRI
1259;1;OPERA
1260;2;MULTAS PREVISTAS NA LEI GERAL DAS TELECOMUNICA
1261;0;OPERA
1262;99;OUTROS SERVI
1263;1;ALIENA
1264;1;ALIENA
1265;0;AMORTIZA
1266;3;TRANSFERONCIA DE RECURSOS DO SISTEMA ENICO DE SAEDE ? SUS ? REPASSES FUNDO A FUNDO BLOCO CUSTEIO DAS A
1267;5;RESTITUI
1268;6;TRANSFERONCIA FINANCEIRA DO ICMS - DESONERA
1269;1;DEDU
1270;10;TRANSFERONCIAS DE CONVONIOS DE INSTITUI
1271;0;DEDU
1272;0;DEDU
1273;1;DEDU
1274;1;DEDU
1275;1;DEDU
1276;1;RECEITA INTRAOR
1277;0;TAXAS PELA PRESTA
1278;0;IMPOSTOS, TAXAS E CONTRIBUI
1279;0;IMPOSTOS SOBRE A PRODU
1280;0;CONTRIBUI
1281;3;CONTRIBUI
1282;1;OUTORGA DE DIREITO DE USO OU DE EXPLORA
1283;0;DELEGA
1284;0;SERVI
1285;2;SERVI
1286;1;CONTRIBUI
1287;1;SERVI
1288;0;CONTRIBUI
1289;4;CONTRIBUI
1290;0;CONTRIBUI
1291;0;EXPLORA
1292;10;COTA-PARTE DA CONTRIBUI
1293;2;CONCESSCO, PERMISSCO, AUTORIZA
1294;0;EXPLORA
1295;0;JUROS E CORRE
1296;6;CONTRAPARTIDA DE SUBVEN
1297;5;TRANSFERONCIAS DE RECURSOS DESTINADOS A PROGRAMAS DE EDUCA
1298;0;OUTRAS OPERA
1299;2;TRANSFERONCIA DA COTA-PARTE DA COMPENSA
1300;0;OPERA
1301;2;TRANSFERONCIA DA COMPENSA
1302;2;INDENIZA
1303;1;RESTITUI
1304;2;AMORTIZA
1305;9;RESTITUI
1306;10;TRANSFERONCIA DE CONVONIOS DE INSTITUI
1307;0;TRANSFERONCIAS DE OUTRAS INSTITUI
1308;2;RECEITA INTRAOR
1309;1;RECEITA INTRAOR
1310;3;RECEITA INTRAOR
1311;99;RECEITA INTRAOR
1312;0;RECEITA INTRAOR
1313;0;DEDU
1314;1;DEDU
1315;1;DEDU
1316;1;DEDU
1317;0;DEDU
1318;0;DEDU
1319;0;DEDU
1320;0;RECEITA INTRAOR
1321;4;RECEITA INTRAOR
1322;0;IMPOSTOS SOBRE OPERA
1323;99;OUTRAS CONTRIBUI
1324;2;CONTRIBUI
1325;3;SERVI
1326;2;DELEGA
1327;2;CONTRIBUI
1328;0;SERVI
1329;1;DEMAIS DELEGA
1330;9;CONTRIBUI
1331;1;CONTRIBUI
1332;13;CONTRIBUI
1333;2;INSCRI
1334;1;TRANSFERONCIAS DE RECURSOS DO FUNDO DE MANUTEN
1335;1;MULTAS PREVISTAS EM LEGISLA
1336;0;OPERA
1337;2;SERVI
1338;0;ALIENA
1339;0;ALIENA
1340;0;ALIENA
1341;3;RESTITUI
1342;11;RESTITUI
1343;0;TRANSFERONCIAS DE INSTITUI
1344;2;ALIENA
1345;0;RECEITA INTRAOR
1346;1;DEDU
1347;1;DEDU
1348;1;DEDU
1349;2;DEDU
1350;2;DEDU
1351;0;DEDU
1352;0;DEDU
1353;0;DEDU
1354;1;DEDU
1355;6;DEDU
1356;6;DEDU
1357;0;RECEITA INTRAOR
1358;0;PARTICIPA
1359;1;DELEGA
1360;0;DELEGA
1361;1;DELEGA
1362;0;CONTRIBUI
1363;0;DELEGA
1364;0;EXPLORA
1365;2;ROYALTIES MONIMOS PELA PRODU
1366;5;CONTRIBUI
1367;6;CONTRIBUI
1368;10;CONTRIBUI
1369;11;CONTRIBUI
1370;0;PETRALEO - REGIME DE PARTILHA DE PRODU
1371;0;EXPLORA
1372;2;COMPENSA
1373;9;CONTRIBUI
1374;14;CONTRIBUI
1375;18;CONTRIBUI
1376;4;CONTRIBUI
1377;11;VARIA
1378;1;RETORNO DE OPERA
1379;11;MULTA POR DESCUMPRIMENTO DE OBRIGA
1380;3;AMORTIZA
1381;5;AMORTIZA
1382;12;RESTITUI
1383;5;TRANSFERONCIAS DE RECURSOS DO FUNDO NACIONAL DO DESENVOLVIMENTO DA EDUCA
1384;0;TRANSFERONCIAS DE OUTRAS INSTITUI
1385;0;RECEITA INTRAOR
1386;2;RECEITA INTRAOR
1387;1;RECEITA INTRAOR
1388;0;RECEITA INTRAOR
439;2;IMPOSTOS SOBRE A PRODU
440;2;TAXAS DE FISCALIZA
441;4;TAXA DE CONTROLE E FISCALIZA
442;1;IMPOSTO SOBRE A IMPORTA
443;2;IMPOSTO SOBRE A EXPORTA
444;0;IMPOSTOS SOBRE O PATRIMANIO
445;2;IMPOSTO SOBRE A RENDA DE PESSOA JURODICA - IRPJ - LOQUIDA DE INCENTIVOS
446;1;CONTRIBUI
447;2;CONTRIBUI
448;99;OUTRAS CONTRIBUI
449;2;DELEGA
450;0;RECEITA DE SERVI
451;7;CONTRIBUI
452;8;CONTRIBUI
453;0;CONTRIBUI
454;1;OUTORGA DOS SERVI
455;11;CONTRIBUI
456;1;OUTORGA DE DIREITOS DE USO DE RECURSOS HODRICOS
457;0;EXPLORA
458;0;VALORES MOBILI?RIOS
459;3;COMPENSA
460;0;TRANSFERONCIAS DE PESSOAS FOSICAS
461;9;PRESTA
462;10;TRANSFERONCIAS DE CONVONIOS DOS ESTADOS E DO DISTRITO FEDERAL E DE SUAS ENTIDADES
463;0;TOTULOS DE RESPONSABILIDADE DO TESOURO NACIONAL - MERCADO INTERNO
464;0;OPERA
465;0;OPERA
466;1;OPERA
467;0;ALIENA
468;0;TRANSFERONCIAS CORRENTES
469;0;TRANSFERONCIAS DA UNICO E DE SUAS ENTIDADES
470;1;PARTICIPA
471;0;ALIENA
472;4;ALIENA
473;10;MULTAS PREVISTAS NA LEGISLA
474;3;INDENIZA
475;2;TRANSFERONCIAS DE MUNICOPIOS A CONSARCIOS PEBLICOS
476;10;TRANSFERONCIA DE CONVONIOS DOS MUNICOPIOS E DE SUAS ENTIDADES
477;99;OUTRAS INDENIZA
478;7;AMORTIZA
479;8;RESTITUI
480;4;TRANSFERONCIAS DE RECURSOS DO SISTEMA ENICO DE SAEDE ? SUS - BLOCO INVESTIMENTOS NA REDE DE SERVI
481;4;TRANSFERONCIA DE RECURSOS DO SISTEMA ENICO DE SAEDE ? SUS ? REPASSES FUNDO A FUNDO BLOCO INVESTIMENTO DAS A
482;99;OUTRAS TRANSFERONCIAS DOS MUNICOPIOS
483;0;TRANSFERONCIAS DE INSTITUI
484;1;BENS, DIREITOS E VALORES PERDIDOS EM FAVOR DO PODER PEBLICO
485;1;APORTES PERIADICOS PARA AMORTIZA
486;0;RECEITA INTRAOR
487;1;RECEITA INTRAOR
488;4;RECEITA INTRAOR
489;0;RECEITA INTRAOR
490;0;RECEITA INTRAOR
491;0;RECEITA INTRAOR
492;1;RECEITA INTRAOR
493;1;DEDU
494;1;DEDU
495;1;DEDU
496;1;DEDU
497;1;TRANSFERONCIAS DO EXTERIOR
498;0;DEDU
499;1;DEDU
500;0;RECEITA INTRAOR
501;1;TAXAS DE INSPE
502;5;TAXA DE CONTROLE E FISCALIZA
503;4;CONTRIBUI
504;0;CONTRIBUI
505;1;CONTRIBUI
506;0;OUTROS VALORES MOBILI?RIOS
507;3;DELEGA
508;3;CONTRIBUI
509;0;DEMAIS DELEGA
510;99;OUTRAS DELEGA
511;5;COTA-PARTE DO ADICIONAL AO FRETE PARA A RENOVA
512;6;CONTRIBUI
513;99;OUTRAS CONTRIBUI
514;1;CONTRIBUI
515;2;OUTRAS CONCESS?ES FLORESTAIS
516;17;ADICIONAL ? CONTRIBUI
517;0;EXPLORA
518;0;TRANSFERONCIAS DOS ESTADOS, DISTRITO FEDERAL, E DE SUAS ENTIDADES
519;0;TRANSFERONCIAS DOS ESTADOS - ESPECOFICAS DE ESTADOS, DF E MUNICOPIOS
520;3;TRANSFERONCIA DE RECURSOS DO ESTADO PARA PROGRAMAS DE SAEDE - REPASSE FUNDO A FUNDO
521;3;MULTAS PREVISTAS NA LEGISLA
522;4;TRANSFERONCIAS DE ESTADOS A CONSARCIOS PEBLICOS
523;0;OUTRAS OPERA
524;1;INDENIZA
525;0;TRANSFERONCIAS DOS MUNICOPIOS E DE SUAS ENTIDADES
526;2;RESTITUI
527;4;AMORTIZA
528;6;AMORTIZA
529;80;AMORTIZA
530;7;RESTITUI
531;3;DEPASITOS ABANDONADOS (DINHEIRO E/OU OBJETOS DE VALOR)
532;99;RECEITA INTRAOR
533;0;RECEITA INTRAOR
534;0;RECEITA INTRAOR
535;99;RECEITA INTRAOR
536;10;TRANSFERONCIAS DE CONVONIOS DOS MUNICOPIOS E DE SUAS ENTIDADES
537;0;DEDU
538;1;DEDU
539;1;DEDU
540;1;DEDU
541;1;TRANSFERONCIAS DE OUTRAS INSTITUI
542;0;DEDU
543;0;DEDU
544;1;DEDU
545;0;RECEITA INTRAOR
546;1;DEDU
547;1;DEDU
548;1;DEDU
549;4;CONTRIBUI
550;3;TAXA DE CONTROLE E FISCALIZA
551;1;TAXAS PELA PRESTA
552;0;CONTRIBUI
553;1;IMPOSTO SOBRE OPERA
554;3;SERVI
555;2;DIREITO DE USO DA IMAGEM E DE REPRODU
556;3;ROYALTIES PELA EXPLORA
557;0;CESSCO DE DIREITOS
558;0;DELEGA
559;4;SERVI
560;3;DELEGA
561;0;PETRALEO - REGIME DE CONCESSCO
562;3;ROYALTIES EXCEDENTES PELA PRODU
563;1;OUTORGA DE DIREITOS DE EXPLORA
564;15;CONTRIBUI
565;16;CONTRIBUI
566;99;OUTRAS DELEGA
567;5;BARREIRAS TCNICAS AO COMRCIO EXTERIOR
568;99;OUTRAS TRANSFERONCIAS MULTIGOVERNAMENTAIS
569;0;TRANSFERONCIAS PROVENIENTES DE DEPASITOS NCO IDENTIFICADOS
570;12;ENCARGOS LEGAIS PELA INSCRI
571;99;OUTRAS TRANSFERONCIAS DA UNICO
572;3;TRANSFERONCIAS DE RECURSOS DO SISTEMA ENICO DE SAEDE - SUS
573;1;OPERA
574;2;MULTAS PREVISTAS NA LEI GERAL DAS TELECOMUNICA
575;0;OPERA
576;99;OUTROS SERVI
577;10;TRANSFERONCIA DE CONVONIOS DOS ESTADOS E DO DISTRITO FEDERAL E DE SUAS ENTIDADES
578;1;ALIENA
579;1;ALIENA
580;0;AMORTIZA
581;3;TRANSFERONCIA DE RECURSOS DO SISTEMA ENICO DE SAEDE ? SUS ? REPASSES FUNDO A FUNDO BLOCO CUSTEIO DAS A
582;5;RESTITUI
583;4;PROMIOS PRESCRITOS DE CONCURSOS DE PROGNASTICOS
584;6;TRANSFERONCIA FINANCEIRA DO ICMS - DESONERA
585;1;TRANSFERONCIAS DE MUNICOPIOS A CONSARCIOS PEBLICOS
586;1;DEDU
587;10;TRANSFERONCIAS DE CONVONIOS DE INSTITUI
588;0;DEDU
589;1;TRANSFERONCIAS DE PESSOAS FOSICAS
590;0;DEDU
591;1;DEDU
592;1;DEDU
593;1;DEDU
594;1;RECEITA INTRAOR
595;0;TAXAS PELA PRESTA
596;0;IMPOSTOS, TAXAS E CONTRIBUI
597;1;IMPOSTO SOBRE A RENDA DE PESSOA FOSICA - IRPF
598;0;IMPOSTOS SOBRE A PRODU
599;0;CONTRIBUI
600;3;CONTRIBUI
601;1;OUTORGA DE DIREITO DE USO OU DE EXPLORA
602;0;DELEGA
603;0;SERVI
604;2;SERVI
605;1;CONTRIBUI
606;1;SERVI
607;0;CONTRIBUI
608;4;CONTRIBUI
609;0;PETRALEO - REGIME DE CESSCO ONEROSA
610;0;CONTRIBUI
611;0;EXPLORA
612;10;COTA-PARTE DA CONTRIBUI
613;2;CONCESSCO, PERMISSCO, AUTORIZA
614;0;EXPLORA
615;1;CONCESSCO DE FLORESTAS NACIONAIS
616;0;JUROS E CORRE
617;10;TRANSFERONCIA DE CONVONIOS DA UNICO E DE SUAS ENTIDADES
618;6;CONTRAPARTIDA DE SUBVEN
619;10;RESERVA GLOBAL DE REVERSCO
620;0;TRANSFERONCIAS DOS ESTADOS E DO DISTRITO FEDERAL E DE SUAS ENTIDADES
621;5;TRANSFERONCIAS DE RECURSOS DESTINADOS A PROGRAMAS DE EDUCA
622;11;OUTRAS TRANSFERONCIAS DE RECURSOS FUNDO A FUNDO
623;12;TRANSFERONCIAS DE RECURSOS DO FUNDO NACIONAL DE ASSISTONCIA SOCIAL - FNAS
624;0;OUTRAS OPERA
625;2;TRANSFERONCIA DA COTA-PARTE DA COMPENSA
626;0;OPERA
627;7;TRANSFERONCIAS DE ESTADOS DESTINADAS ? ASSISTONCIA SOCIAL
628;2;TRANSFERONCIA DA COMPENSA
629;2;INDENIZA
630;1;RESTITUI
631;2;AMORTIZA
632;9;RESTITUI
633;10;TRANSFERONCIA DE CONVONIOS DE INSTITUI
634;0;TRANSFERONCIAS DE OUTRAS INSTITUI
635;2;RECEITA INTRAOR
636;1;RECEITA INTRAOR
637;3;RECEITA INTRAOR
638;99;RECEITA INTRAOR
639;0;RECEITA INTRAOR
640;0;DEDU
641;1;DEDU
642;1;DEDU
643;1;DEDU
644;0;DEDU
645;0;TRANSFERONCIAS DE PESSOAS FOSICAS - ESPECOFICAS DE ESTADOS, DF E MUNICOPIOS
646;0;DEDU
647;0;DEDU
648;0;RECEITA INTRAOR
649;4;RECEITA INTRAOR
650;0;IMPOSTOS SOBRE OPERA
651;99;OUTRAS CONTRIBUI
652;2;CONTRIBUI
653;0;RECEITA AGROPECU?RIA
654;3;SERVI
655;2;DELEGA
656;2;CONTRIBUI
657;0;SERVI
658;1;DEMAIS DELEGA
659;9;CONTRIBUI
660;1;CONTRIBUI
661;13;CONTRIBUI
662;99;OUTRAS RECEITAS IMOBILI?RIAS
663;2;INSCRI
664;1;TRANSFERONCIAS DE RECURSOS DO FUNDO DE MANUTEN
665;1;MULTAS PREVISTAS EM LEGISLA
666;0;OPERA
667;2;SERVI
668;0;ALIENA
669;0;ALIENA
670;0;ALIENA
671;3;RESTITUI
672;11;RESTITUI
673;0;TRANSFERONCIAS DE INSTITUI
674;1;RESSARCIMENTO POR OPERADORAS DE SEGUROS PRIVADOS DE ASSISTONCIA A SAEDE
675;4;RESSARCIMENTO AO REGIME GERAL DE PREVIDONCIA SOCIAL - RGPS
676;0;BENS, DIREITOS E VALORES INCORPORADOS AO PATRIMANIO PEBLICO
677;2;ALIENA
678;7;TRANSFERONCIAS DA UNICO A CONSARCIOS PEBLICOS
679;0;RECEITA INTRAOR
680;1;DEDU
681;1;DEDU
682;1;DEDU
683;2;DEDU
684;2;DEDU
685;0;DEDU
686;0;DEDU
687;0;DEDU
688;1;DEDU
689;6;DEDU
690;6;DEDU
691;0;RECEITA INTRAOR
692;0;IMPOSTOS ESPECOFICOS DE ESTADOS, DF E MUNICOPIOS
693;0;PARTICIPA
694;1;DELEGA
695;0;DELEGA
696;1;DELEGA
697;0;CONTRIBUI
698;0;DELEGA
699;0;EXPLORA
700;2;ROYALTIES MONIMOS PELA PRODU
701;5;CONTRIBUI
702;6;CONTRIBUI
703;10;CONTRIBUI
704;11;CONTRIBUI
705;0;PETRALEO - REGIME DE PARTILHA DE PRODU
706;0;EXPLORA
707;2;COMPENSA
708;9;CONTRIBUI
709;14;CONTRIBUI
710;18;CONTRIBUI
711;4;CONTRIBUI
712;0;TRANSFERONCIAS DO EXTERIOR - ESPECOFICAS DE ESTADOS, DF E MUNICOPIOS
713;10;TRANSFERONCIA DE CONVONIOS DO EXTERIOR
714;11;VARIA
715;1;TRANSFERONCIAS DOS ESTADOS E DISTRITO FEDERAL A CONSARCIOS PEBLICOS
716;1;RETORNO DE OPERA
717;2;CONCESSCO DE AVAIS, GARANTIAS E SEGUROS
718;11;MULTA POR DESCUMPRIMENTO DE OBRIGA
719;99;OUTRAS TRANSFERONCIAS DOS ESTADOS
720;3;AMORTIZA
721;5;AMORTIZA
722;12;RESTITUI
723;5;TRANSFERONCIAS DE RECURSOS DO FUNDO NACIONAL DO DESENVOLVIMENTO DA EDUCA
724;0;TRANSFERONCIAS DE OUTRAS INSTITUI
725;0;RECEITA INTRAOR
726;2;RECEITA INTRAOR
727;1;RECEITA INTRAOR
728;0;RECEITA INTRAOR
729;0;RECEITA INTRAOR
730;1;RECEITA INTRAOR
731;99;RECEITA INTRAOR
732;1;TRANSFERONCIAS PROVENIENTES DE DEPASITO NCO IDENTIFICADOS - ESPECOFICA E/M
733;0;DEMAIS RECEITAS DE CAPITAL ESPECOFICAS DE ESTADOS, DF E MUNICOPIOS
734;6;DEDU
735;0;RECEITA INTRAOR
736;1;DEDU
737;0;TAXAS PELO EXERCOCIO DO PODER DE POLOCIA
738;1;IMPOSTOS SOBRE O PATRIMANIO PARA ESTADOS/DF/MUNICOPIOS
739;3;CONTRIBUI
740;4;DELEGA
741;5;DELEGA
742;0;SERVI
743;4;DELEGA
744;1;CONTRIBUI
745;2;CONTRIBUI
746;1;OUTORGA DE EXPLORA
747;7;CONTRIBUI
748;2;ROYALTIES MONIMOS PELA PRODU
749;1;ALUGUIS, ARRENDAMENTOS, FOROS, LAUDOMIOS, TARIFAS DE OCUPA
750;12;CONTRIBUI
751;99;DEMAIS RECEITAS DE CONCESSCO FLORESTAL
752;10;TRANSFERONCIAS DE CONVONIOS DA UNICO E DE SUAS ENTIDADES
753;1;PARTICIPA
754;0;OPERA
755;0;SERVI
756;4;MULTAS PREVISTAS NA LEGISLA
757;0;TOTULOS DE RESPONSABILIDADE DO TESOURO NACIONAL - MERCADO EXTERNO
758;3;REMUNERA
759;5;MULTAS PREVISTAS EM LEI POR INFRA
760;0;TRANSFERONCIAS DA UNICO - ESPECOFICAS DE ESTADOS, DF E MUNICOPIOS
761;2;ALIENA
762;0;ALIENA
763;0;TRANSFERONCIAS DOS MUNICOPIOS - ESPECOFICAS DE ESTADOS, DF E MUNICOPIOS
764;10;RESTITUI
765;0;TRANSFERONCIAS DE CAPITAL
766;1;TRANSFERONCIAS DA UNICO A CONSARCIOS PEBLICOS
767;99;OUTRAS RESTITUI
768;2;APORTES PERIADICOS PARA COMPENSA
769;0;RECEITA INTRAOR
770;0;RECEITA INTRAOR
771;99;RECEITA INTRAOR
772;0;DEDU
773;1;DEDU
774;1;DEDU
775;1;DEDU
776;0;DEDU
777;0;DEDU
778;0;DEDU
779;1;DEDU
780;1;DEDU
781;0;INTEGRALIZA
782;0;DEDU
783;1;DEDU
784;4;RECEITA INTRAOR
785;1;DEDU
786;0;IMPOSTOS SOBRE O COMRCIO EXTERIOR
787;0;CONTRIBUI
788;1;CESSCO DO DIREITO DE OPERACIONALIZA
789;4;SERVI
790;1;SERVI
791;1;SERVI
792;8;CONTRIBUI
793;3;ROYALTIES EXCEDENTES PELA PRODU
794;4;PARTICIPA
795;0;CONTRIBUI
796;2;ROYALTIES PELA PRODU
797;2;CONCESSCO DE USO DO POTENCIAL DE ENERGIA HIDR?ULICA
798;3;COMPENSA
799;1;COMPENSA
800;0;EXPLORA
801;8;PROMIO DO SEGURO OBRIGATARIO DE DANOS PESSOAIS CAUSADOS POR VEOCULOS AUTOMOTORES DE VIA TERRESTRE - DPVAT
802;0;TRANSFERONCIAS DO EXTERIOR
803;0;OPERA
804;0;EMPRSTIMOS COMPULSARIOS
805;0;OUTROS SERVI
806;8;MULTAS DECORRENTES DE SENTEN
807;0;ALIENA
808;3;ALIENA
809;0;INDENIZA
810;0;INDENIZA
811;0;ALIENA
812;1;TRANSFERONCIAS DE RECURSOS DO SISTEMA ENICO DE SAEDE - SUS
813;0;RESTITUI
814;4;RESTITUI
815;6;RESTITUI
816;1;AMORTIZA
817;3;REVERSCO DE GARANTIAS
818;8;TRANSFERONCIAS ADVINDAS DE EMENDAS PARLAMENTARES INDIVIDUAIS
819;0;RECEITA INTRAOR
820;0;RECEITA INTRAOR
821;0;RECEITA INTRAOR
822;0;RECEITA INTRAOR
823;0;RECEITA INTRAOR
824;0;RECEITA INTRAOR
825;1;RECEITA INTRAOR
826;0;RECEITA INTRAOR
827;0;DEDU
828;1;DEDU
829;1;DEDU
830;0;DEDU
831;0;TRANSFERONCIAS PROVENIENTES DE DEPASITO NCO IDENTIFICADOS - ESPECOFICA E/DF/M
832;0;REMUNERA
833;0;RESGATE DE TOTULOS DO TESOURO
834;1;DEMAIS RECEITAS DE CAPITAL ESPECOFICAS DE E/DF/M
835;0;RECEITA INTRAOR
1389;0;RECEITA INTRAOR
1390;1;RECEITA INTRAOR
1391;99;RECEITA INTRAOR
1392;6;DEDU
1393;0;RECEITA INTRAOR
1394;1;DEDU
1395;3;CONTRIBUI
1396;4;DELEGA
1397;5;DELEGA
1398;0;SERVI
1399;4;DELEGA
1400;1;CONTRIBUI
1401;2;CONTRIBUI
1402;1;OUTORGA DE EXPLORA
1403;7;CONTRIBUI
1404;2;ROYALTIES MONIMOS PELA PRODU
1405;1;ALUGUIS, ARRENDAMENTOS, FOROS, LAUDOMIOS, TARIFAS DE OCUPA
1406;12;CONTRIBUI
1407;1;PARTICIPA
1408;0;OPERA
1409;0;SERVI
1410;4;MULTAS PREVISTAS NA LEGISLA
1411;3;REMUNERA
1412;5;MULTAS PREVISTAS EM LEI POR INFRA
1413;2;ALIENA
1414;0;ALIENA
1415;10;RESTITUI
1416;99;OUTRAS RESTITUI
1417;2;APORTES PERIADICOS PARA COMPENSA
1418;0;RECEITA INTRAOR
1419;0;RECEITA INTRAOR
1420;99;RECEITA INTRAOR
1421;0;DEDU
1422;1;DEDU
1423;1;DEDU
1424;1;DEDU
1425;0;DEDU
1426;0;DEDU
1427;0;DEDU
1428;1;DEDU
1429;1;DEDU
1430;0;INTEGRALIZA
1431;0;DEDU
1432;1;DEDU
1433;4;RECEITA INTRAOR
1434;1;DEDU
1435;0;CONTRIBUI
1436;1;CESSCO DO DIREITO DE OPERACIONALIZA
1437;4;SERVI
1438;1;SERVI
1439;1;SERVI
1440;8;CONTRIBUI
1441;3;ROYALTIES EXCEDENTES PELA PRODU
1442;4;PARTICIPA
1443;0;CONTRIBUI
1444;2;ROYALTIES PELA PRODU
1445;3;COMPENSA
1446;1;COMPENSA
1447;0;EXPLORA
1448;0;OPERA
1449;0;OUTROS SERVI
1450;8;MULTAS DECORRENTES DE SENTEN
1451;0;ALIENA
1452;3;ALIENA
1453;0;INDENIZA
1454;0;INDENIZA
1455;0;ALIENA
1456;0;RESTITUI
1457;4;RESTITUI
1458;6;RESTITUI
1459;1;AMORTIZA
1460;0;RECEITA INTRAOR
1461;0;RECEITA INTRAOR
1462;0;RECEITA INTRAOR
1463;0;RECEITA INTRAOR
1464;0;RECEITA INTRAOR
1465;0;RECEITA INTRAOR
1466;1;RECEITA INTRAOR
1467;0;RECEITA INTRAOR
1468;0;DEDU
1469;1;DEDU
1470;1;DEDU
1471;0;DEDU
1472;0;REMUNERA
1473;0;RECEITA INTRAOR
1474;2;IMPOSTOS SOBRE A PRODU
1475;2;TAXAS DE FISCALIZA
1476;4;TAXA DE CONTROLE E FISCALIZA
1477;1;IMPOSTO SOBRE A IMPORTA
1478;2;IMPOSTO SOBRE A EXPORTA
1479;1;CONTRIBUI
1480;2;CONTRIBUI
1481;99;OUTRAS CONTRIBUI
1482;2;DELEGA
1483;0;RECEITA DE SERVI
1484;7;CONTRIBUI
1485;8;CONTRIBUI
1486;0;CONTRIBUI
1487;1;OUTORGA DOS SERVI
1488;11;CONTRIBUI
1489;0;EXPLORA
1490;3;COMPENSA
1491;9;PRESTA
1492;0;OPERA
1493;0;OPERA
1494;1;OPERA
1495;0;ALIENA
1496;1;PARTICIPA
1497;0;ALIENA
1498;4;ALIENA
1499;10;MULTAS PREVISTAS NA LEGISLA
1500;3;INDENIZA
1501;99;OUTRAS INDENIZA
1502;7;AMORTIZA
1503;8;RESTITUI
1504;4;TRANSFERONCIAS DE RECURSOS DO SISTEMA ENICO DE SAEDE ? SUS - BLOCO INVESTIMENTOS NA REDE DE SERVI
1505;4;TRANSFERONCIA DE RECURSOS DO SISTEMA ENICO DE SAEDE ? SUS ? REPASSES FUNDO A FUNDO BLOCO INVESTIMENTO DAS A
1506;0;TRANSFERONCIAS DE INSTITUI
1507;1;APORTES PERIADICOS PARA AMORTIZA
1508;0;RECEITA INTRAOR
1509;1;RECEITA INTRAOR
1510;4;RECEITA INTRAOR
1511;0;RECEITA INTRAOR
1512;0;RECEITA INTRAOR
1513;0;RECEITA INTRAOR
1514;1;RECEITA INTRAOR
1515;1;DEDU
1516;1;DEDU
1517;1;DEDU
1518;1;DEDU
1519;0;DEDU
1520;1;DEDU
1521;0;RECEITA INTRAOR
1522;1;TAXAS DE INSPE
1523;5;TAXA DE CONTROLE E FISCALIZA
1524;4;CONTRIBUI
1525;0;CONTRIBUI
1526;1;CONTRIBUI
1527;3;DELEGA
1528;3;CONTRIBUI
1529;0;DEMAIS DELEGA
1530;99;OUTRAS DELEGA
1531;5;COTA-PARTE DO ADICIONAL AO FRETE PARA A RENOVA
1532;6;CONTRIBUI
1533;99;OUTRAS CONTRIBUI
1534;1;CONTRIBUI
1535;17;ADICIONAL ? CONTRIBUI
1536;0;EXPLORA
1537;3;MULTAS PREVISTAS NA LEGISLA
1538;0;OUTRAS OPERA
1539;1;INDENIZA
1540;2;RESTITUI
1541;4;AMORTIZA
1542;6;AMORTIZA
1543;80;AMORTIZA
1544;7;RESTITUI
1545;99;RECEITA INTRAOR
1546;0;RECEITA INTRAOR
1547;0;RECEITA INTRAOR
1548;99;RECEITA INTRAOR
1549;0;DEDU
1550;1;DEDU
1551;1;DEDU
1552;1;DEDU
1553;1;TRANSFERONCIAS DE OUTRAS INSTITUI
1554;0;DEDU
1555;0;DEDU
1556;1;DEDU
1557;0;RECEITA INTRAOR
1558;1;DEDU
1559;1;DEDU
1560;1;DEDU
1561;4;CONTRIBUI
1562;3;TAXA DE CONTROLE E FISCALIZA
1563;1;TAXAS PELA PRESTA
1564;0;CONTRIBUI
1565;1;IMPOSTO SOBRE OPERA
1566;3;SERVI
1567;2;DIREITO DE USO DA IMAGEM E DE REPRODU
1568;3;ROYALTIES PELA EXPLORA
1569;0;DELEGA
1570;4;SERVI
1571;3;DELEGA
1572;3;ROYALTIES EXCEDENTES PELA PRODU
1573;1;OUTORGA DE DIREITOS DE EXPLORA
1574;15;CONTRIBUI
1575;16;CONTRIBUI
1576;99;OUTRAS DELEGA
1577;12;ENCARGOS LEGAIS PELA INSCRI
1578;1;OPERA
1579;2;MULTAS PREVISTAS NA LEI GERAL DAS TELECOMUNICA
1580;0;OPERA
1581;99;OUTROS SERVI
1582;1;ALIENA
1583;1;ALIENA
1584;0;AMORTIZA
1585;3;TRANSFERONCIA DE RECURSOS DO SISTEMA ENICO DE SAEDE ? SUS ? REPASSES FUNDO A FUNDO BLOCO CUSTEIO DAS A
1586;5;RESTITUI
1587;6;TRANSFERONCIA FINANCEIRA DO ICMS - DESONERA
1588;1;DEDU
1589;10;TRANSFERONCIAS DE CONVONIOS DE INSTITUI
1590;0;DEDU
1591;0;DEDU
1592;1;DEDU
1593;1;DEDU
1594;1;DEDU
1595;1;RECEITA INTRAOR
1596;0;TAXAS PELA PRESTA
1597;0;IMPOSTOS, TAXAS E CONTRIBUI
1598;0;IMPOSTOS SOBRE A PRODU
1599;0;CONTRIBUI
1600;3;CONTRIBUI
1601;1;OUTORGA DE DIREITO DE USO OU DE EXPLORA
1602;0;DELEGA
1603;0;SERVI
1604;2;SERVI
1605;1;CONTRIBUI
1606;1;SERVI
1607;0;CONTRIBUI
1608;4;CONTRIBUI
1609;0;CONTRIBUI
1610;0;EXPLORA
1611;10;COTA-PARTE DA CONTRIBUI
1612;2;CONCESSCO, PERMISSCO, AUTORIZA
1613;0;EXPLORA
1614;0;JUROS E CORRE
1615;6;CONTRAPARTIDA DE SUBVEN
1616;5;TRANSFERONCIAS DE RECURSOS DESTINADOS A PROGRAMAS DE EDUCA
1617;0;OUTRAS OPERA
1618;2;TRANSFERONCIA DA COTA-PARTE DA COMPENSA
1619;0;OPERA
1620;2;TRANSFERONCIA DA COMPENSA
1621;2;INDENIZA
1622;1;RESTITUI
1623;2;AMORTIZA
1624;9;RESTITUI
1625;10;TRANSFERONCIA DE CONVONIOS DE INSTITUI
1626;0;TRANSFERONCIAS DE OUTRAS INSTITUI
1627;2;RECEITA INTRAOR
1628;1;RECEITA INTRAOR
1629;3;RECEITA INTRAOR
1630;99;RECEITA INTRAOR
1631;0;RECEITA INTRAOR
1632;0;DEDU
1633;1;DEDU
1634;1;DEDU
1635;1;DEDU
1636;0;DEDU
1637;0;DEDU
1638;0;DEDU
1639;0;RECEITA INTRAOR
1640;4;RECEITA INTRAOR
1641;0;IMPOSTOS SOBRE OPERA
1642;99;OUTRAS CONTRIBUI
1643;2;CONTRIBUI
1644;3;SERVI
1645;2;DELEGA
1646;2;CONTRIBUI
1647;0;SERVI
1648;1;DEMAIS DELEGA
1649;9;CONTRIBUI
1650;1;CONTRIBUI
1651;13;CONTRIBUI
1652;2;INSCRI
1653;1;TRANSFERONCIAS DE RECURSOS DO FUNDO DE MANUTEN
1654;1;MULTAS PREVISTAS EM LEGISLA
1655;0;OPERA
1656;2;SERVI
1657;0;ALIENA
1658;0;ALIENA
1659;0;ALIENA
1660;3;RESTITUI
1661;11;RESTITUI
1662;0;TRANSFERONCIAS DE INSTITUI
1663;2;ALIENA
1664;0;RECEITA INTRAOR
1665;1;DEDU
1666;1;DEDU
1667;1;DEDU
1668;2;DEDU
1669;2;DEDU
1670;0;DEDU
1671;0;DEDU
1672;0;DEDU
1673;1;DEDU
1674;6;DEDU
1675;6;DEDU
1676;0;RECEITA INTRAOR
1677;0;PARTICIPA
1678;1;DELEGA
1679;0;DELEGA
1680;1;DELEGA
1681;0;CONTRIBUI
1682;0;DELEGA
1683;0;EXPLORA
1684;2;ROYALTIES MONIMOS PELA PRODU
1685;5;CONTRIBUI
1686;6;CONTRIBUI
1687;10;CONTRIBUI
1688;11;CONTRIBUI
1689;0;PETRALEO - REGIME DE PARTILHA DE PRODU
1690;0;EXPLORA
1691;2;COMPENSA
1692;9;CONTRIBUI
1693;14;CONTRIBUI
1694;18;CONTRIBUI
1695;4;CONTRIBUI
1696;11;VARIA
1697;1;RETORNO DE OPERA
1698;11;MULTA POR DESCUMPRIMENTO DE OBRIGA
1699;3;AMORTIZA
1700;5;AMORTIZA
1701;12;RESTITUI
1702;5;TRANSFERONCIAS DE RECURSOS DO FUNDO NACIONAL DO DESENVOLVIMENTO DA EDUCA
1703;0;TRANSFERONCIAS DE OUTRAS INSTITUI
1704;0;RECEITA INTRAOR
1705;2;RECEITA INTRAOR
1706;1;RECEITA INTRAOR
1707;0;RECEITA INTRAOR
1708;0;RECEITA INTRAOR
1709;1;RECEITA INTRAOR
1710;99;RECEITA INTRAOR
1711;6;DEDU
1712;0;RECEITA INTRAOR
1713;1;DEDU
1714;3;CONTRIBUI
1715;4;DELEGA
1716;5;DELEGA
1717;0;SERVI
1718;4;DELEGA
1719;1;CONTRIBUI
1720;2;CONTRIBUI
1721;1;OUTORGA DE EXPLORA
1722;7;CONTRIBUI
1723;2;ROYALTIES MONIMOS PELA PRODU
1724;1;ALUGUIS, ARRENDAMENTOS, FOROS, LAUDOMIOS, TARIFAS DE OCUPA
1725;12;CONTRIBUI
1726;1;PARTICIPA
1727;0;OPERA
1728;0;SERVI
1729;4;MULTAS PREVISTAS NA LEGISLA
1730;3;REMUNERA
1731;5;MULTAS PREVISTAS EM LEI POR INFRA
1732;2;ALIENA
1733;0;ALIENA
1734;10;RESTITUI
1735;99;OUTRAS RESTITUI
1736;2;APORTES PERIADICOS PARA COMPENSA
1737;0;RECEITA INTRAOR
1738;0;RECEITA INTRAOR
1739;99;RECEITA INTRAOR
1740;0;DEDU
1741;1;DEDU
1742;1;DEDU
1743;1;DEDU
1744;0;DEDU
1745;0;DEDU
1746;0;DEDU
1747;1;DEDU
1748;1;DEDU
1749;0;INTEGRALIZA
1750;0;DEDU
1751;1;DEDU
1752;4;RECEITA INTRAOR
1753;1;DEDU
1754;0;CONTRIBUI
1755;1;CESSCO DO DIREITO DE OPERACIONALIZA
1756;4;SERVI
1757;1;SERVI
1758;1;SERVI
1759;8;CONTRIBUI
1760;3;ROYALTIES EXCEDENTES PELA PRODU
1761;4;PARTICIPA
1762;0;CONTRIBUI
1763;2;ROYALTIES PELA PRODU
1764;3;COMPENSA
1765;1;COMPENSA
1766;0;EXPLORA
1767;0;OPERA
1768;0;OUTROS SERVI
1769;8;MULTAS DECORRENTES DE SENTEN
1770;0;ALIENA
1771;3;ALIENA
1772;0;INDENIZA
1773;0;INDENIZA
1774;0;ALIENA
1775;0;RESTITUI
1776;4;RESTITUI
1777;6;RESTITUI
1778;1;AMORTIZA
1779;0;RECEITA INTRAOR
1780;0;RECEITA INTRAOR
1781;0;RECEITA INTRAOR
1782;0;RECEITA INTRAOR
1783;0;RECEITA INTRAOR
1784;0;RECEITA INTRAOR
1785;1;RECEITA INTRAOR
1786;0;RECEITA INTRAOR
1787;0;DEDU
1788;1;DEDU
1789;1;DEDU
1790;0;DEDU
1791;0;REMUNERA
1792;0;RECEITA INTRAOR
1793;2;IMPOSTOS SOBRE A PRODU
1794;2;TAXAS DE FISCALIZA
1795;4;TAXA DE CONTROLE E FISCALIZA
1796;1;IMPOSTO SOBRE A IMPORTA
1797;2;IMPOSTO SOBRE A EXPORTA
1798;1;CONTRIBUI
1799;2;CONTRIBUI
1800;99;OUTRAS CONTRIBUI
1801;2;DELEGA
1802;0;RECEITA DE SERVI
1803;7;CONTRIBUI
1804;8;CONTRIBUI
1805;0;CONTRIBUI
1806;1;OUTORGA DOS SERVI
1807;11;CONTRIBUI
1808;0;EXPLORA
1809;3;COMPENSA
1810;9;PRESTA
1811;0;OPERA
1812;0;OPERA
1813;1;OPERA
1814;0;ALIENA
1815;1;PARTICIPA
1816;0;ALIENA
1817;4;ALIENA
1818;10;MULTAS PREVISTAS NA LEGISLA
1819;3;INDENIZA
1820;99;OUTRAS INDENIZA
1821;7;AMORTIZA
1822;8;RESTITUI
1823;4;TRANSFERONCIAS DE RECURSOS DO SISTEMA ENICO DE SAEDE ? SUS - BLOCO INVESTIMENTOS NA REDE DE SERVI
1824;4;TRANSFERONCIA DE RECURSOS DO SISTEMA ENICO DE SAEDE ? SUS ? REPASSES FUNDO A FUNDO BLOCO INVESTIMENTO DAS A
1825;0;TRANSFERONCIAS DE INSTITUI
1826;1;APORTES PERIADICOS PARA AMORTIZA
1827;0;RECEITA INTRAOR
1828;1;RECEITA INTRAOR
1829;4;RECEITA INTRAOR
1830;0;RECEITA INTRAOR
1831;0;RECEITA INTRAOR
1832;0;RECEITA INTRAOR
1833;1;RECEITA INTRAOR
1834;1;DEDU
1835;1;DEDU
1836;1;DEDU
1837;1;DEDU
1838;0;DEDU
1839;1;DEDU
1840;0;RECEITA INTRAOR
1841;1;TAXAS DE INSPE
1842;5;TAXA DE CONTROLE E FISCALIZA
1843;4;CONTRIBUI
1844;0;CONTRIBUI
1845;1;CONTRIBUI
1846;3;DELEGA
1847;3;CONTRIBUI
1848;0;DEMAIS DELEGA
1849;99;OUTRAS DELEGA
1850;5;COTA-PARTE DO ADICIONAL AO FRETE PARA A RENOVA
1851;6;CONTRIBUI
1852;99;OUTRAS CONTRIBUI
1853;1;CONTRIBUI
1854;17;ADICIONAL ? CONTRIBUI
1855;0;EXPLORA
1856;3;MULTAS PREVISTAS NA LEGISLA
1857;0;OUTRAS OPERA
1858;1;INDENIZA
1859;2;RESTITUI
1860;4;AMORTIZA
1861;6;AMORTIZA
1862;80;AMORTIZA
1863;7;RESTITUI
1864;99;RECEITA INTRAOR
1865;0;RECEITA INTRAOR
1866;0;RECEITA INTRAOR
1867;99;RECEITA INTRAOR
1868;0;DEDU
1869;1;DEDU
1870;1;DEDU
1871;1;DEDU
1872;1;TRANSFERONCIAS DE OUTRAS INSTITUI
1873;0;DEDU
1874;0;DEDU
1875;1;DEDU
1876;0;RECEITA INTRAOR
1877;1;DEDU
1878;1;DEDU
1879;1;DEDU
1880;4;CONTRIBUI
1881;3;TAXA DE CONTROLE E FISCALIZA
1882;1;TAXAS PELA PRESTA
1883;0;CONTRIBUI
1884;1;IMPOSTO SOBRE OPERA
1885;3;SERVI
1886;2;DIREITO DE USO DA IMAGEM E DE REPRODU
1887;3;ROYALTIES PELA EXPLORA
1888;0;DELEGA
1889;4;SERVI
1890;3;DELEGA
1891;3;ROYALTIES EXCEDENTES PELA PRODU
1892;1;OUTORGA DE DIREITOS DE EXPLORA
1893;15;CONTRIBUI
1894;16;CONTRIBUI
1895;99;OUTRAS DELEGA
1896;12;ENCARGOS LEGAIS PELA INSCRI
1897;1;OPERA
1898;2;MULTAS PREVISTAS NA LEI GERAL DAS TELECOMUNICA
1899;0;OPERA
1900;99;OUTROS SERVI
1901;1;ALIENA
1902;1;ALIENA
1903;0;AMORTIZA
1904;3;TRANSFERONCIA DE RECURSOS DO SISTEMA ENICO DE SAEDE ? SUS ? REPASSES FUNDO A FUNDO BLOCO CUSTEIO DAS A
1905;5;RESTITUI
1906;6;TRANSFERONCIA FINANCEIRA DO ICMS - DESONERA
1907;1;DEDU
1908;10;TRANSFERONCIAS DE CONVONIOS DE INSTITUI
1909;0;DEDU
1910;0;DEDU
1911;1;DEDU
1912;1;DEDU
1913;1;DEDU
1914;1;RECEITA INTRAOR
1915;0;TAXAS PELA PRESTA
1916;0;IMPOSTOS, TAXAS E CONTRIBUI
1917;0;IMPOSTOS SOBRE A PRODU
1918;0;CONTRIBUI
1919;3;CONTRIBUI
1920;1;OUTORGA DE DIREITO DE USO OU DE EXPLORA
1921;0;DELEGA
1922;0;SERVI
1923;2;SERVI
1924;1;CONTRIBUI
1925;1;SERVI
1926;0;CONTRIBUI
1927;4;CONTRIBUI
1928;0;CONTRIBUI
1929;0;EXPLORA
1930;10;COTA-PARTE DA CONTRIBUI
1931;2;CONCESSCO, PERMISSCO, AUTORIZA
1932;0;EXPLORA
1933;0;JUROS E CORRE
1934;6;CONTRAPARTIDA DE SUBVEN
1935;5;TRANSFERONCIAS DE RECURSOS DESTINADOS A PROGRAMAS DE EDUCA
1936;0;OUTRAS OPERA
1937;2;TRANSFERONCIA DA COTA-PARTE DA COMPENSA
1938;0;OPERA
1939;2;TRANSFERONCIA DA COMPENSA
1940;2;INDENIZA
1941;1;RESTITUI
1942;2;AMORTIZA
1943;9;RESTITUI
1944;10;TRANSFERONCIA DE CONVONIOS DE INSTITUI
1945;0;TRANSFERONCIAS DE OUTRAS INSTITUI
1946;2;RECEITA INTRAOR
1947;1;RECEITA INTRAOR
1948;3;RECEITA INTRAOR
1949;99;RECEITA INTRAOR
1950;0;RECEITA INTRAOR
1951;0;DEDU
1952;1;DEDU
1953;1;DEDU
1954;1;DEDU
1955;0;DEDU
1956;0;DEDU
1957;0;DEDU
1958;0;RECEITA INTRAOR
1959;4;RECEITA INTRAOR
1960;0;IMPOSTOS SOBRE OPERA
1961;99;OUTRAS CONTRIBUI
1962;2;CONTRIBUI
1963;3;SERVI
1964;2;DELEGA
1965;2;CONTRIBUI
1966;0;SERVI
1967;1;DEMAIS DELEGA
1968;9;CONTRIBUI
1969;1;CONTRIBUI
1970;13;CONTRIBUI
1971;2;INSCRI
1972;1;TRANSFERONCIAS DE RECURSOS DO FUNDO DE MANUTEN
1973;1;MULTAS PREVISTAS EM LEGISLA
1974;0;OPERA
1975;2;SERVI
1976;0;ALIENA
1977;0;ALIENA
1978;0;ALIENA
1979;3;RESTITUI
1980;11;RESTITUI
1981;0;TRANSFERONCIAS DE INSTITUI
1982;2;ALIENA
1983;0;RECEITA INTRAOR
1984;1;DEDU
1985;1;DEDU
1986;1;DEDU
1987;2;DEDU
1988;2;DEDU
1989;0;DEDU
1990;0;DEDU
1991;0;DEDU
1992;1;DEDU
1993;6;DEDU
1994;6;DEDU
1995;0;RECEITA INTRAOR
1996;0;PARTICIPA
1997;1;DELEGA
1998;0;DELEGA
1999;1;DELEGA
2000;0;CONTRIBUI
2001;0;DELEGA
2002;0;EXPLORA
2003;2;ROYALTIES MONIMOS PELA PRODU
2004;5;CONTRIBUI
2005;6;CONTRIBUI
2006;10;CONTRIBUI
2007;11;CONTRIBUI
2008;0;PETRALEO - REGIME DE PARTILHA DE PRODU
2009;0;EXPLORA
2010;2;COMPENSA
2011;9;CONTRIBUI
2012;14;CONTRIBUI
2013;18;CONTRIBUI
2014;4;CONTRIBUI
2015;11;VARIA
2016;1;RETORNO DE OPERA
2017;11;MULTA POR DESCUMPRIMENTO DE OBRIGA
2018;3;AMORTIZA
2019;5;AMORTIZA
2020;12;RESTITUI
2021;5;TRANSFERONCIAS DE RECURSOS DO FUNDO NACIONAL DO DESENVOLVIMENTO DA EDUCA
2022;0;TRANSFERONCIAS DE OUTRAS INSTITUI
2023;0;RECEITA INTRAOR
2024;2;RECEITA INTRAOR
2025;1;RECEITA INTRAOR
2026;0;RECEITA INTRAOR
2027;0;RECEITA INTRAOR
2028;1;RECEITA INTRAOR
2029;99;RECEITA INTRAOR
2030;6;DEDU
2031;0;RECEITA INTRAOR
2032;1;DEDU
2033;3;CONTRIBUI
2034;4;DELEGA
2035;5;DELEGA
2036;0;SERVI
2037;4;DELEGA
2038;1;CONTRIBUI
2039;2;CONTRIBUI
2040;1;OUTORGA DE EXPLORA
2041;7;CONTRIBUI
2042;2;ROYALTIES MONIMOS PELA PRODU
2043;1;ALUGUIS, ARRENDAMENTOS, FOROS, LAUDOMIOS, TARIFAS DE OCUPA
2044;12;CONTRIBUI
2045;1;PARTICIPA
2046;0;OPERA
2047;0;SERVI
2048;4;MULTAS PREVISTAS NA LEGISLA
2049;3;REMUNERA
2050;5;MULTAS PREVISTAS EM LEI POR INFRA
2051;2;ALIENA
2052;0;ALIENA
2053;10;RESTITUI
2054;99;OUTRAS RESTITUI
2055;2;APORTES PERIADICOS PARA COMPENSA
2056;0;RECEITA INTRAOR
2057;0;RECEITA INTRAOR
2058;99;RECEITA INTRAOR
2059;0;DEDU
2060;1;DEDU
2061;1;DEDU
2062;1;DEDU
2063;0;DEDU
2064;0;DEDU
2065;0;DEDU
2066;1;DEDU
2067;1;DEDU
2068;0;INTEGRALIZA
2069;0;DEDU
2070;1;DEDU
2071;4;RECEITA INTRAOR
2072;1;DEDU
2073;0;CONTRIBUI
2074;1;CESSCO DO DIREITO DE OPERACIONALIZA
2075;4;SERVI
2076;1;SERVI
2077;1;SERVI
2078;8;CONTRIBUI
2079;3;ROYALTIES EXCEDENTES PELA PRODU
2080;4;PARTICIPA
2081;0;CONTRIBUI
2082;2;ROYALTIES PELA PRODU
2083;3;COMPENSA
2084;1;COMPENSA
2085;0;EXPLORA
2086;0;OPERA
2087;0;OUTROS SERVI
2088;8;MULTAS DECORRENTES DE SENTEN
2089;0;ALIENA
2090;3;ALIENA
2091;0;INDENIZA
2092;0;INDENIZA
2093;0;ALIENA
2094;0;RESTITUI
2095;4;RESTITUI
2096;6;RESTITUI
2097;1;AMORTIZA
2098;0;RECEITA INTRAOR
2099;0;RECEITA INTRAOR
2100;0;RECEITA INTRAOR
2101;0;RECEITA INTRAOR
2102;0;RECEITA INTRAOR
2103;0;RECEITA INTRAOR
2104;1;RECEITA INTRAOR
2105;0;RECEITA INTRAOR
2106;0;DEDU
2107;1;DEDU
2108;1;DEDU
2109;0;DEDU
2110;0;REMUNERA
2111;0;RECEITA INTRAOR
2112;2;SEM DESCRICAO
