id_desdobramento_1;cd_desdobramento_1;nome
1;3;IMPOSTOS SOBRE A RENDA E PROVENTOS DE QUALQUER NATUREZA
2;1;TAXAS PELO EXERCICIO DO PODER DE POLICIA
3;2;IMPOSTOS SOBRE O PATRIMONIO
4;0;RECEITA INTRAORCAMENTARIA - CONTRIBUICOES
5;8;DEDUCAO DAS RECEITAS - IMPOSTOS ESPECIFICOS DE ESTADOS/DF MUNICIPIOS
6;8;DEDUCAO DAS RECEITAS - IMPOSTO SOBRE A PROPRIEDADE DE VEICULOS AUTOMOTORES
7;8;DEDUCAO DAS RECEITAS - IMPOSTOS SOBRE A PRODUCAO, CIRCULACAO DE MERCADORIAS E SERVICOS
8;0;RECEITA INTRAORCAMENTARIA - OUTROS SERVICOS
9;8;TRANSFERENCIAS DE OUTRAS INSTITUICOES PUBLICAS - ESPECIFICAS DE ESTADOS, DF E MUNICIPIOS
10;0;OUTRAS RECEITAS DE CAPITAL
11;1;DEDUCAO DAS RECEITAS - JUROS E CORRECOES MONETARIAS
12;9;DEDUCAO DAS RECEITAS - OUTROS VALORES MOBILIARIOS - PRINCIPAL - TITULOS DE RESPONSABILIDADE DO GOVERNO FEDERAL
13;0;DEMAIS RECEITAS PATRIMONIAIS
14;0;CONTRIBUICOES SOCIAIS
15;0;RECEITA INDUSTRIAL
16;3;DELEGACAO DOS SERVICOS DE TELECOMUNICACAO
17;0;SERVICOS ADMINISTRATIVOS E COMERCIAIS GERAIS
18;2;PETROLEO - REGIME DE CESSAO ONEROSA
19;0;CONTRIBUICAO PARA O CUSTEIO DO SERVICO DE ILUMINACAO PUBLICA
20;0;EXPLORACAO DO PATRIMONIO IMOBILIARIO DO ESTADO
21;0;AMORTIZACAO DE EMPRESTIMOS
22;9;OUTROS IMPOSTOS
23;0;RECEITA INTRAORCAMENTARIA - CONTRIBUICOES SOCIAIS
24;3;RECEITA INTRAORCAMENTARIA - RESSARCIMENTOS
25;0;SEM DESCRICAO
26;8;RECEITA INTRAORCAMENTARIA - TRANSFERENCIAS DOS ESTADOS - ESPECIFICA E/M
27;8;TRANSFERENCIAS PROVENIENTES DE DEPOSITO NAO IDENTIFICADOS - ESPECIFICA E/DF/M
28;0;INTEGRALIZACAO DE CAPITAL SOCIAL
29;0;REMUNERACAO DAS DISPONIBILIDADES DO TESOURO
30;0;DEDUCAO DAS RECEITAS - MULTAS PREVISTAS EM LEGISLACAO ESPECIFICA - PRINCIPAL - MULTA ISOLADA POR INFRACAO A OBRIGACAO ACESSORIA
31;1;DEDUCAO DAS RECEITAS - REMUNERACAO DOS RECURSOS DO REGIME PROPRIO DE PREVIDENCIA SOCIAL - RPPS
32;9;DEDUCAO DAS RECEITAS - OUTROS VALORES MOBILIARIOS
33;8;DEDUCAO DAS RECEITAS - TRANSFERENCIA FINANCEIRA DO ICMS - DESONERACAO - L.C. NO 87/96
34;1;PETROLEO - REGIME DE CONCESSAO
35;8;CONTRIBUICOES ECONOMICAS ESPECIFICAS DE ESTADOS E MUNICIPIOS
36;9;EXPLORACAO DE OUTROS RECURSOS NATURAIS
37;0;CONTRIBUICOES
38;0;EXPLORACAO DO PATRIMONIO INTANGIVEL
39;0;TRANSFERENCIAS DA UNIAO E DE SUAS ENTIDADES
40;0;INDENIZACOES, RESTITUICOES E RESSARCIMENTOS
41;8;TRANSFERENCIAS DOS MUNICIPIOS - ESPECIFICAS DE ESTADOS, DF E MUNICIPIOS
42;8;TRANSFERENCIAS DOS MUNICIPIOS E DE SUAS ENTIDADES
43;0;IMPOSTOS
44;8;DEDUCAO DAS RECEITAS - IMPOSTOS SOBRE O PATRIMONIO PARA ESTADOS/DF/MUNICIPIOS
45;8;"DEDUCAO DAS RECEITAS - IMPOSTO SOBRE TRANSMISSAO ""CAUSA MORTIS"" E DOACAO DE BENS E DIREITOS - DIVIDA ATIVA - MULTAS E JUROS - COTA PARTE DO ESTADO PAR"
46;8;RECEITA INTRAORCAMENTARIA - CONTRIBUICAO
47;0;RECEITA INTRAORCAMENTARIA - SERVICOS ADMINISTRATIVOS E COMERCIAIS GERAIS
48;0;RECEITA INTRAORCAMENTARIA - INDENIZACOES, RESTITUICOES E RESSARCIMENTOS
49;0;DEDUCAO DAS RECEITAS - MULTAS PREVISTAS EM LEGISLACAO ESPECIFICA - DIVIDA ATIVA
50;0;DEDUCAO DAS RECEITAS - MULTAS PREVISTAS EM LEGISLACAO ESPECIFICA - DIVIDA ATIVA - MULTA ISOLADA POR INFRACAO A OBRIGACAO ACESSORIA
51;0;SEM INFORMACAO
52;8;CONTRIBUICOES SOCIAIS ESPECIFICAS DE ESTADOS, DF E MUNICIPIOS
53;9;DEMAIS DELEGACOES DE SERVICOS PUBLICOS
54;3;PETROLEO - REGIME DE PARTILHA DE PRODUCAO
55;0;RECEITA PATRIMONIAL
56;0;VALORES MOBILIARIOS
57;2;DIVIDENDOS
58;0;DEMAIS RECEITAS CORRENTES
59;2;OPERACOES DE CREDITO CONTRATUAIS - MERCADO EXTERNO
60;0;ALIENACAO DE BENS
61;0;ALIENACAO DE BENS INTANGIVEIS
62;0;TRANSFERENCIAS DE CAPITAL
63;1;INDENIZACOES
64;2;TAXAS PELA PRESTACAO DE SERVICOS
65;0;RECEITAS CORRENTES
66;0;RECEITA INTRAORCAMENTARIA
67;2;RECEITA INTRAORCAMENTARIA - RESTITUICOES
68;8;DEDUCAO DAS RECEITAS - IMPOSTO SOBRE A PROPRIEDADE DE VEICULOS AUTOMOTORES - PRINCIPAL
69;8;DEDUCAO DAS RECEITAS - IMPOSTO SOBRE A PROPRIEDADE DE VEICULOS AUTOMOTORES - PRINCIPAL - COTA PARTE DO ESTADO PARA O FUNDEB
70;8;DEDUCAO DAS RECEITAS - IMPOSTO SOBRE A PROPRIEDADE DE VEICULOS AUTOMOTORES - MULTAS E JUROS
71;8;DEDUCAO DAS RECEITAS - IMPOSTO SOBRE A PROPRIEDADE DE VEICULOS AUTOMOTORES - DIVIDA ATIVA - MULTAS E JUROS - COTA PARTE DO ESTADO PARA O FUNDEB
72;8;"DEDUCAO DAS RECEITAS - IMPOSTO SOBRE TRANSMISSAO ""CAUSA MORTIS"" E DOACAO DE BENS E DIREITOS - DIVIDA ATIVA - MULTAS E JUROS"
73;0;RECEITA INTRAORCAMENTARIA - RECEITA PATRIMONIAL
74;0;RECEITA INTRAORCAMENTARIA - DEMAIS RECEITAS PATRIMONIAIS
75;0;RECEITA INTRAORCAMENTARIA - RECEITA INDUSTRIAL
76;0;TRANSFERENCIAS DE INSTITUICOES PRIVADAS
77;8;TRANSFERENCIAS DO EXTERIOR - ESPECIFICAS DE ESTADOS, DF E MUNICIPIOS
78;0;TRANSFERENCIAS DE PESSOAS FISICAS
79;0;TRANSFERENCIAS PROVENIENTES DE DEPOSITOS NAO IDENTIFICADOS
80;0;DEDUCAO DAS RECEITAS - MULTAS PREVISTAS EM LEGISLACAO ESPECIFICA
81;9;OUTRAS OPERACOES DE CREDITO - MERCADO INTERNO
82;8;TRANSFERENCIAS DOS ESTADOS - ESPECIFICAS DE ESTADOS, DF E MUNICIPIOS
83;1;DEDUCAO DAS RECEITAS - REMUNERACAO DOS RECURSOS DO REGIME PROPRIO DE PREVIDENCIA SOCIAL - RPPS - PRINCIPAL - RENDA VARIAVEL
84;9;DEDUCAO DAS RECEITAS - OUTROS VALORES MOBILIARIOS - PRINCIPAL
85;8;DEDUCAO DAS RECEITAS - COTA-PARTE DO IMPOSTO SOBRE PRODUTOS INDUSTRIALIZADOS - ESTADOS EXPORTADORES DE PRODUTOS INDUSTRIALIZADOS - PRINCIPAL
86;8;DEDUCAO DAS RECEITAS - COTA-PARTE DO IMPOSTO SOBRE PRODUTOS INDUSTRIALIZADOS - ESTADOS EXPORTADORES DE PRODUTOS INDUSTRIALIZADOS - PRINCIPAL - FUNDEB
87;0;DEDUCAO DAS RECEITAS - MULTAS ADMINISTRATIVAS, CONTRATUAIS E JUDICIAIS
88;8;CONTRIBUICAO DE MELHORIA - ESPECIFICA DE ESTADOS, DF E MUNICIPIOS
89;0;DELEGACAO DE SERVICOS PUBLICOS MEDIANTE CONCESSAO, PERMISSAO, AUTORIZACAO OU LICENCA
90;0;CESSAO DE DIREITOS
91;0;SERVICOS E ATIVIDADES REFERENTES A SAUDE
92;0;TRANSFERENCIAS DOS MUNICIPIOS E DE SUAS ENTIDADES
93;0;BENS, DIREITOS E VALORES INCORPORADOS AO PATRIMONIO PUBLICO
94;0;OUTROS SERVICOS
95;0;RECEITAS DE CAPITAL
96;0;MULTAS ADMINISTRATIVAS, CONTRATUAIS E JUDICIAIS
97;8;OPERACAO DE CREDITO EXTERNAS - ESTADOS/DF/MUNICIPIOS
98;1;ALIENACAO DE TITULOS MOBILIARIOS
99;4;IMPOSTOS SOBRE A PRODUCAO, CIRCULACAO DE MERCADORIAS E SERVICOS
100;5;IMPOSTOS SOBRE OPERACOES DE CREDITO, CAMBIO E SEGURO, OU RELATIVAS A TITULOS OU VALORES MOBILIARIOS
101;0;TAXAS
102;0;RESGATE DE TITULOS DO TESOURO
103;0;DEMAIS RECEITAS DE CAPITAL
104;0;RECEITA INTRAORCAMENTARIA - TAXAS
105;1;RECEITA INTRAORCAMENTARIA - TAXAS PELO EXERCICIO DO PODER DE POLICIA
106;0;RECEITA INTRAORCAMENTARIA - DEMAIS RECEITAS CORRENTES
107;8;DEDUCAO DAS RECEITAS - IMPOSTO SOBRE A PROPRIEDADE DE VEICULOS AUTOMOTORES - DIVIDA ATIVA - COTA PARTE DO ESTADO PARA O FUNDEB
108;8;"DEDUCAO DAS RECEITAS - IMPOSTO SOBRE TRANSMISSAO ""CAUSA MORTIS"" E DOACAO DE BENS E DIREITOS - PRINCIPAL"
109;0;DEDUCAO DAS RECEITAS - VALORES MOBILIARIOS
110;0;RECEITA INTRAORCAMENTARIA - TRANSFERENCIAS DOS ESTADOS E DO DISTRITO FEDERAL E DE SUAS ENTIDADES
111;0;RECEITA INTRAORCAMENTARIA - OUTRAS RECEITAS CORRENTES
112;0;TRANSFERENCIAS DO EXTERIOR
113;8;TRANSFERENCIAS DE PESSOAS FISICAS - ESPECIFICAS DE ESTADOS, DF E MUNICIPIOS
114;0;DEDUCAO DAS RECEITAS - MULTAS PREVISTAS EM LEGISLACAO ESPECIFICA - PRINCIPAL - MULTA ISOLADA POR INFRACAO A OBRIGACAO ACESSORIA - CESSAO DE DIREITOS C
115;8;DEDUCAO DAS RECEITAS - TRANSFERENCIA FINANCEIRA DO ICMS - DESONERACAO - L.C. NO 87/96 - PRINCIPAL
116;8;DEDUCAO DAS RECEITAS - TRANSFERENCIA FINANCEIRA DO ICMS - DESONERACAO - L.C. NO 87/96 - PRINCIPAL - FUNDEB
117;0;CONTRIBUICOES ECONOMICAS
118;1;JUROS E CORRECOES MONETARIAS
119;9;OUTROS VALORES MOBILIARIOS
120;1;TITULOS DE RESPONSABILIDADE DO TESOURO NACIONAL - MERCADO INTERNO
121;0;OUTRAS RECEITAS CORRENTES
122;9;OUTRAS OPERACOES DE CREDITO - MERCADO EXTERNO
123;2;ALIENACAO DE ESTOQUES
124;8;IMPOSTOS ESPECIFICOS DE ESTADOS, DF E MUNICIPIOS
125;1;IMPOSTOS SOBRE O COMERCIO EXTERIOR
126;8;"DEDUCAO DAS RECEITAS - IMPOSTO SOBRE TRANSMISSAO ""CAUSA MORTIS"" E DOACAO DE BENS E DIREITOS"
127;8;"DEDUCAO DAS RECEITAS - IMPOSTO SOBRE TRANSMISSAO ""CAUSA MORTIS"" E DOACAO DE BENS E DIREITOS - PRINCIPAL - COTA PARTE DO ESTADO PARA O FUNDEB"
128;8;"DEDUCAO DAS RECEITAS - IMPOSTO SOBRE TRANSMISSAO ""CAUSA MORTIS"" E DOACAO DE BENS E DIREITOS - DIVIDA ATIVA"
129;8;DEDUCAO DAS RECEITAS - IMPOSTO SOBRE OPERACOES RELATIVAS A CIRCULACAO DE MERCADORIAS E SOBRE PRESTACOES DE SERVICOS DE TRANSPORTE INTERESTADUAL E INTE
130;9;RECEITA INTRAORCAMENTARIA - EXPLORACAO DE OUTROS RECURSOS NATURAIS
131;0;RECEITA INTRAORCAMENTARIA - RECEITA AGROPECUARIA
132;0;RECEITA INTRAORCAMENTARIA - SERVICOS E ATIVIDADES REFERENTES A SAUDE
133;0;TRANSFERENCIAS DE OUTRAS INSTITUICOES PUBLICAS
134;0;RESULTADO DO BANCO CENTRAL
135;0;DEDUCAO DAS RECEITAS - MULTAS PREVISTAS EM LEGISLACAO ESPECIFICA - PRINCIPAL
136;0;DEDUCAO DAS RECEITAS - MULTAS PREVISTAS EM LEGISLACAO ESPECIFICA - DIVIDA ATIVA - MULTA ISOLADA POR INFRACAO A OBRIGACAO ACESSORIA - CESSAO DE DIREITO
137;1;DEDUCAO DAS RECEITAS - REMUNERACAO DOS RECURSOS DO REGIME PROPRIO DE PREVIDENCIA SOCIAL - RPPS - PRINCIPAL
138;8;DEDUCAO DAS RECEITAS - COTA-PARTE DO FUNDO DE PARTICIPACAO DOS ESTADOS E DO DISTRITO FEDERAL
139;8;DEDUCAO DAS RECEITAS - COTA-PARTE DO FUNDO DE PARTICIPACAO DOS ESTADOS E DO DISTRITO FEDERAL - PRINCIPAL
140;0;RECEITA AGROPECUARIA
141;1;DELEGACAO PARA A PRESTACAO DOS SERVICOS DE TRANSPORTE
142;0;CONTRIBUICOES PARA ENTIDADES PRIVADAS DE SERVICO SOCIAL E DE FORMACAO PROFISSIONAL
143;5;EXPLORACAO DE RECURSOS HIDRICOS
144;0;CONTRIBUICAO DE MELHORIA
145;0;SERVICOS E ATIVIDADES REFERENTES A NAVEGACAO E AO TRANSPORTE
146;3;RESSARCIMENTOS
147;0;TRANSFERENCIAS CORRENTES
148;0;TRANSFERENCIAS DOS ESTADOS E DO DISTRITO FEDERAL E DE SUAS ENTIDADES
149;2;OPERACOES DE CREDITO CONTRATUAIS - MERCADO INTERNO
150;0;OPERACOES DE CREDITO - MERCADO EXTERNO
151;1;TITULOS DE RESPONSABILIDADE DO TESOURO NACIONAL - MERCADO EXTERNO
152;3;ALIENACAO DE BENS MOVEIS E SEMOVENTES
153;8;TRANSFERENCIAS DE INSTITUICOES PRIVADAS - ESPECIFICAS DE ESTADOS, DF E MUNICIPIOS
154;2;RESTITUICOES
155;8;DEMAIS RECEITAS DE CAPITAL ESPECIFICAS DE ESTADOS, DF E MUNICIPIOS
156;0;RECEITA INTRAORCAMENTARIA - IMPOSTOS, TAXAS E CONTRIBUICOES DE MELHORIA
157;8;DEDUCAO DAS RECEITAS - IMPOSTO SOBRE A PROPRIEDADE DE VEICULOS AUTOMOTORES - DIVIDA ATIVA
158;8;DEDUCAO DAS RECEITAS - IMPOSTO SOBRE A PROPRIEDADE DE VEICULOS AUTOMOTORES - DIVIDA ATIVA - MULTAS E JUROS
159;8;"DEDUCAO DAS RECEITAS - IMPOSTO SOBRE TRANSMISSAO ""CAUSA MORTIS"" E DOACAO DE BENS E DIREITOS - MULTAS E JUROS - COTA PARTE DO ESTADO PARA O FUNDEB"
160;0;RECEITA INTRAORCAMENTARIA - EXPLORACAO DO PATRIMONIO IMOBILIARIO DO ESTADO
161;0;RECEITA INTRAORCAMENTARIA - EXPLORACAO DE RECURSOS NATURAIS
162;0;RECEITA INTRAORCAMENTARIA - TRANSFERENCIAS CORRENTES
163;8;DEDUCAO DAS RECEITAS - TRANSFERENCIAS DA UNIAO - ESPECIFICA E/M
164;2;DELEGACAO DOS SERVICOS DE INFRAESTRUTURA
165;0;RECEITA DE SERVICOS
166;0;EXPLORACAO DE RECURSOS NATURAIS
167;0;SERVICOS E ATIVIDADES FINANCEIRAS
168;8;TRANSFERENCIAS DOS ESTADOS, DISTRITO FEDERAL, E DE SUAS ENTIDADES
169;0;OPERACOES DE CREDITO
170;3;EMPRESTIMOS COMPULSORIOS
171;8;OPERACOES DE CREDITO - MERCADO INTERNO - ESTADOS/DF/MUNICIPIOS
172;0;ALIENACAO DE BENS MOVEIS
173;8;TRANSFERENCIAS DA UNIAO - ESPECIFICAS DE ESTADOS, DF E MUNICIPIOS
174;0;IMPOSTOS, TAXAS E CONTRIBUICOES DE MELHORIA
175;0;DEDUCAO DAS RECEITAS
176;8;DEDUCAO DAS RECEITAS - IMPOSTO SOBRE A PROPRIEDADE DE VEICULOS AUTOMOTORES - MULTAS E JUROS - COTA PARTE DO ESTADO PARA O FUNDEB
177;8;"DEDUCAO DAS RECEITAS - IMPOSTO SOBRE TRANSMISSAO ""CAUSA MORTIS"" E DOACAO DE BENS E DIREITOS - MULTAS E JUROS"
178;8;"DEDUCAO DAS RECEITAS - IMPOSTO SOBRE TRANSMISSAO ""CAUSA MORTIS"" E DOACAO DE BENS E DIREITOS - DIVIDA ATIVA - COTA PARTE DO ESTADO PARA O FUNDEB"
179;0;RECEITA INTRAORCAMENTARIA - RECEITA DE SERVICOS
180;1;DEDUCAO DAS RECEITAS - REMUNERACAO DOS RECURSOS DO REGIME PROPRIO DE PREVIDENCIA SOCIAL - RPPS - PRINCIPAL - RENDA FIXA
181;9;DEDUCAO DAS RECEITAS - OUTROS VALORES MOBILIARIOS - PRINCIPAL - TITULOS DE RESPONSABILIDADE DO GOVERNO FEDERAL - VINCULADO AO RPPS
182;8;DEDUCAO DAS RECEITAS - PARTICIPACAO NA RECEITA DA UNIAO
183;8;DEDUCAO DAS RECEITAS - COTA-PARTE DO FUNDO DE PARTICIPACAO DOS ESTADOS E DO DISTRITO FEDERAL - PRINCIPAL - FUNDEB
184;8;DEDUCAO DAS RECEITAS - COTA-PARTE DO IMPOSTO SOBRE PRODUTOS INDUSTRIALIZADOS - ESTADOS EXPORTADORES DE PRODUTOS INDUSTRIALIZADOS
185;4;EXPLORACAO DE RECURSOS MINERAIS
186;6;EXPLORACAO DE RECURSOS FLORESTAIS
187;3;PARTICIPACOES
188;0;OPERACOES DE CREDITO - MERCADO INTERNO
189;8;ALIENACAO DE BENS MOVEIS ESPECIFICA PARA ESTADOS, DISTRITO FEDERAL E MUNICIPIOS
190;0;ALIENACAO DE BENS IMOVEIS
191;0;RECURSOS ARRECADADOS EM EXERCICIOS ANTERIORES
192;0;DEDUC?O DAS RECEITAS - OUTRAS RECEITAS CORRENTES
193;0;DEDUC?O DAS RECEITAS - TRANSFERENCIAS CORRENTES
194;0;DEDUC?O DAS RECEITAS - IMPOSTOS, TAXAS E CONTRIBUIC?ES DE MELHORIA
195;0;DEDUC?O DAS RECEITAS - IMPOSTOS
196;0;DEDUC?O DAS RECEITAS - TRANSFERENCIAS DA UNI?O E DE SUAS ENTIDADES
197;0;DEDUC?O DAS RECEITAS - RECEITA PATRIMONIAL
198;0;DEDUCAO DAS RECEITAS - OUTRAS RECEITAS CORRENTES
199;0;DEDUCAO DAS RECEITAS - RECEITA PATRIMONIAL
200;0;DEDUCAO DAS RECEITAS - IMPOSTOS, TAXAS E CONTRIBUICOES DE MELHORIA
201;0;DEDUCAO DAS RECEITAS - IMPOSTOS
202;0;DEDUCAO DAS RECEITAS - TRANSFERENCIAS CORRENTES
203;0;DEDUCAO DAS RECEITAS - TRANSFERENCIAS DA UNIAO E DE SUAS ENTIDADES
204;8;RECEITA INTRAORCAMENTARIA - CONTRIBUICAO PARA PREVIDENCIA MILITAR DE ESTADOS, DF E MUNICIPIOS
527;1;DELEGA
528;0;RECEITA DE SERVI
529;6;EXPLORA
530;0;OPERA
531;0;ALIENA
532;8;ALIENA
533;0;RECEITA INTRAOR
534;0;RECEITA INTRAOR
535;0;RECEITA INTRAOR
536;0;RECEITA INTRAOR
537;8;DEDU
538;8;DEDU
539;8;DEDU
540;8;DEDU
541;8;DEDU
542;8;DEDU
543;0;RECEITA INTRAOR
544;0;DEDU
545;0;DEDU
546;0;CONTRIBUI
547;8;TRANSFERONCIAS DE OUTRAS INSTITUI
548;2;OPERA
549;8;TRANSFERONCIAS DE INSTITUI
550;8;RECEITA INTRAOR
551;0;RECEITA INTRAOR
552;2;RECEITA INTRAOR
553;0;DEDU
554;8;DEDU
555;1;DEDU
556;1;DEDU
557;9;DEDU
558;0;DEDU
559;8;DEDU
560;0;CONTRIBUI
561;8;CONTRIBUI
562;9;DEMAIS DELEGA
563;8;CONTRIBUI
564;1;ALIENA
565;0;AMORTIZA
566;2;RESTITUI
567;8;DEDU
568;8;DEDU
569;8;DEDU
570;8;DEDU
571;9;DEDU
572;8;DEDU
573;8;DEDU
574;2;TAXAS PELA PRESTA
575;0;IMPOSTOS, TAXAS E CONTRIBUI
576;0;CONTRIBUI
577;0;DELEGA
578;0;SERVI
579;0;CONTRIBUI
580;0;CONTRIBUI
581;0;EXPLORA
582;9;OUTRAS OPERA
583;3;ALIENA
584;1;INDENIZA
585;0;RECEITA INTRAOR
586;9;RECEITA INTRAOR
587;0;RECEITA INTRAOR
588;0;DEDU
589;8;DEDU
590;8;DEDU
591;8;DEDU
592;8;DEDU
593;0;DEDU
594;1;DEDU
595;9;DEDU
596;0;DEDU
597;8;DEDU
598;0;DEDU
599;0;DEDU
600;0;SERVI
601;0;OPERA
602;0;ALIENA
603;0;TRANSFERONCIAS DE INSTITUI
604;3;RECEITA INTRAOR
605;8;DEDU
606;8;DEDU
607;1;DEDU
608;1;DEDU
609;8;DEDU
610;0;RECEITA INTRAOR
611;1;RECEITA INTRAOR
612;0;DEDU
613;4;IMPOSTOS SOBRE A PRODU
614;3;PARTICIPA
615;8;CONTRIBUI
616;0;EXPLORA
617;3;PETRALEO - REGIME DE PARTILHA DE PRODU
618;4;EXPLORA
619;1;JUROS E CORRE
620;2;OPERA
621;2;ALIENA
622;0;TRANSFERONCIAS DE OUTRAS INSTITUI
623;0;RECEITA INTRAOR
624;0;RECEITA INTRAOR
625;9;DEDU
626;8;DEDU
627;8;DEDU
628;0;DEDU
629;0;RECEITA INTRAOR
630;0;DEDU
631;5;IMPOSTOS SOBRE OPERA
632;0;SERVI
633;3;DELEGA
634;0;SERVI
635;8;OPERA
636;0;RECEITA INTRAOR
637;0;DEDU
638;8;DEDU
639;8;DEDU
640;0;DEDU
641;0;INTEGRALIZA
642;8;DEDU
643;0;DEDU
644;0;DEDU
645;0;EXPLORA
646;2;DELEGA
647;0;CONTRIBUI
648;5;EXPLORA
649;9;EXPLORA
650;0;OPERA
651;8;OPERA
652;9;OUTRAS OPERA
653;0;OUTROS SERVI
654;0;ALIENA
655;0;INDENIZA
656;0;ALIENA
657;0;RECEITA INTRAOR
658;0;RECEITA INTRAOR
659;0;RECEITA INTRAOR
660;0;RECEITA INTRAOR
661;0;RECEITA INTRAOR
662;8;RECEITA INTRAOR
663;0;RECEITA INTRAOR
664;8;DEDU
665;8;DEDU
666;8;DEDU
667;8;DEDU
668;8;DEDU
669;0;REMUNERA
670;8;DEDU
671;0;RECEITA INTRAOR
205;1;DELEGA
206;0;RECEITA DE SERVI
207;2;PETRALEO - REGIME DE CESSCO ONEROSA
208;6;EXPLORA
209;0;VALORES MOBILI?RIOS
210;0;TRANSFERONCIAS DE PESSOAS FOSICAS
211;0;OPERA
212;1;TOTULOS DE RESPONSABILIDADE DO TESOURO NACIONAL - MERCADO EXTERNO
213;0;ALIENA
214;0;TRANSFERONCIAS CORRENTES
215;0;TRANSFERONCIAS DA UNICO E DE SUAS ENTIDADES
216;8;ALIENA
217;0;RECEITA INTRAOR
218;0;RECEITA INTRAOR
219;0;RECEITA INTRAOR
220;0;RECEITA INTRAOR
221;8;DEDU
222;8;DEDU
223;8;DEDU
224;8;DEDU
225;8;DEDU
226;8;DEDU
227;0;RECEITA INTRAOR
228;0;DEDU
229;0;DEDU
230;0;CONTRIBUI
231;1;TAXAS PELO EXERCOCIO DO PODER DE POLOCIA
232;9;OUTROS VALORES MOBILI?RIOS
233;8;TRANSFERONCIAS DE OUTRAS INSTITUI
234;2;OPERA
235;0;TRANSFERONCIAS DOS MUNICOPIOS E DE SUAS ENTIDADES
236;8;TRANSFERONCIAS DE INSTITUI
237;8;RECEITA INTRAOR
238;0;RECEITA INTRAOR
239;2;RECEITA INTRAOR
240;0;DEDU
241;8;DEDU
242;1;DEDU
243;1;DEDU
244;9;DEDU
245;0;DEDU
246;8;DEDU
247;0;CONTRIBUI
248;8;CONTRIBUI
249;0;CESSCO DE DIREITOS
250;9;DEMAIS DELEGA
251;1;PETRALEO - REGIME DE CONCESSCO
252;8;CONTRIBUI
253;0;TRANSFERONCIAS PROVENIENTES DE DEPASITOS NCO IDENTIFICADOS
254;1;ALIENA
255;0;AMORTIZA
256;2;RESTITUI
257;8;DEDU
258;8;DEDU
259;8;DEDU
260;8;DEDU
261;9;DEDU
262;8;DEDU
263;8;DEDU
264;2;TAXAS PELA PRESTA
265;0;IMPOSTOS, TAXAS E CONTRIBUI
266;0;CONTRIBUI
267;0;DELEGA
268;0;SERVI
269;0;CONTRIBUI
270;0;CONTRIBUI
271;0;EXPLORA
272;8;TRANSFERONCIAS DA UNICO - ESPECOFICAS DE ESTADOS, DF E MUNICOPIOS
273;0;TRANSFERONCIAS DOS ESTADOS E DO DISTRITO FEDERAL E DE SUAS ENTIDADES
274;1;TOTULOS DE RESPONSABILIDADE DO TESOURO NACIONAL - MERCADO INTERNO
275;9;OUTRAS OPERA
276;3;ALIENA
277;1;INDENIZA
278;0;RECEITA INTRAOR
279;9;RECEITA INTRAOR
280;0;RECEITA INTRAOR
281;0;DEDU
282;8;DEDU
283;8;DEDU
284;8;DEDU
285;8;DEDU
286;0;DEDU
287;1;DEDU
288;8;TRANSFERONCIAS DE PESSOAS FOSICAS - ESPECOFICAS DE ESTADOS, DF E MUNICOPIOS
289;9;DEDU
290;0;DEDU
291;8;DEDU
292;0;DEDU
293;0;DEDU
294;8;IMPOSTOS ESPECOFICOS DE ESTADOS, DF E MUNICOPIOS
295;2;IMPOSTOS SOBRE O PATRIMANIO
296;0;SERVI
297;0;RECEITA AGROPECU?RIA
298;8;TRANSFERONCIAS DOS ESTADOS, DISTRITO FEDERAL, E DE SUAS ENTIDADES
299;0;OPERA
300;0;ALIENA
301;0;TRANSFERONCIAS DE INSTITUI
302;0;BENS, DIREITOS E VALORES INCORPORADOS AO PATRIMANIO PEBLICO
303;3;RECEITA INTRAOR
304;8;DEDU
305;8;DEDU
306;1;DEDU
307;1;DEDU
308;8;DEDU
309;0;RECEITA INTRAOR
310;1;RECEITA INTRAOR
311;0;DEDU
312;4;IMPOSTOS SOBRE A PRODU
313;3;PARTICIPA
314;8;CONTRIBUI
315;0;EXPLORA
316;3;PETRALEO - REGIME DE PARTILHA DE PRODU
317;4;EXPLORA
318;1;JUROS E CORRE
319;3;EMPRSTIMOS COMPULSARIOS
320;8;TRANSFERONCIAS DOS ESTADOS - ESPECOFICAS DE ESTADOS, DF E MUNICOPIOS
321;2;OPERA
322;2;ALIENA
323;8;TRANSFERONCIAS DOS MUNICOPIOS - ESPECOFICAS DE ESTADOS, DF E MUNICOPIOS
324;0;TRANSFERONCIAS DE OUTRAS INSTITUI
325;0;RECEITA INTRAOR
326;0;RECEITA INTRAOR
327;9;DEDU
328;8;DEDU
329;8;DEDU
330;0;DEDU
331;0;RECEITA INTRAOR
332;0;DEDU
333;1;IMPOSTOS SOBRE O COMRCIO EXTERIOR
334;5;IMPOSTOS SOBRE OPERA
335;0;SERVI
336;3;DELEGA
337;8;TRANSFERONCIAS DO EXTERIOR - ESPECOFICAS DE ESTADOS, DF E MUNICOPIOS
338;0;SERVI
339;8;OPERA
340;0;TRANSFERONCIAS DE CAPITAL
341;0;RECEITA INTRAOR
342;8;TRANSFERONCIAS DOS MUNICOPIOS E DE SUAS ENTIDADES
343;0;DEDU
344;8;DEDU
345;8;DEDU
346;0;DEDU
347;8;TRANSFERONCIAS PROVENIENTES DE DEPASITO NCO IDENTIFICADOS - ESPECOFICA E/DF/M
348;0;INTEGRALIZA
349;8;DEMAIS RECEITAS DE CAPITAL ESPECOFICAS DE ESTADOS, DF E MUNICOPIOS
350;8;DEDU
351;0;DEDU
352;0;DEDU
353;0;EXPLORA
354;2;DELEGA
355;0;CONTRIBUI
356;5;EXPLORA
357;9;EXPLORA
358;0;TRANSFERONCIAS DO EXTERIOR
359;0;OPERA
360;8;OPERA
361;9;OUTRAS OPERA
362;0;OUTROS SERVI
363;0;ALIENA
364;0;INDENIZA
365;0;ALIENA
366;0;RECEITA INTRAOR
367;0;RECEITA INTRAOR
368;0;RECEITA INTRAOR
369;0;RECEITA INTRAOR
370;0;RECEITA INTRAOR
371;8;RECEITA INTRAOR
372;0;RECEITA INTRAOR
373;8;DEDU
374;8;DEDU
375;8;DEDU
376;8;DEDU
377;8;DEDU
378;0;REMUNERA
379;0;RESGATE DE TOTULOS DO TESOURO
380;8;DEDU
381;0;RECEITA INTRAOR
382;1;DELEGA
383;0;RECEITA DE SERVI
384;6;EXPLORA
385;0;OPERA
386;0;ALIENA
387;8;ALIENA
388;0;RECEITA INTRAOR
389;0;RECEITA INTRAOR
390;0;RECEITA INTRAOR
391;0;RECEITA INTRAOR
392;8;DEDU
393;8;DEDU
394;8;DEDU
395;8;DEDU
396;8;DEDU
397;8;DEDU
398;0;RECEITA INTRAOR
399;0;DEDU
400;0;DEDU
401;0;CONTRIBUI
402;8;TRANSFERONCIAS DE OUTRAS INSTITUI
403;2;OPERA
404;8;TRANSFERONCIAS DE INSTITUI
405;8;RECEITA INTRAOR
406;0;RECEITA INTRAOR
407;2;RECEITA INTRAOR
408;0;DEDU
409;8;DEDU
410;1;DEDU
411;1;DEDU
412;9;DEDU
413;0;DEDU
414;8;DEDU
415;0;CONTRIBUI
416;8;CONTRIBUI
417;9;DEMAIS DELEGA
418;8;CONTRIBUI
419;1;ALIENA
420;0;AMORTIZA
421;2;RESTITUI
422;8;DEDU
423;8;DEDU
424;8;DEDU
425;8;DEDU
426;9;DEDU
427;8;DEDU
428;8;DEDU
429;2;TAXAS PELA PRESTA
430;0;IMPOSTOS, TAXAS E CONTRIBUI
431;0;CONTRIBUI
432;0;DELEGA
433;0;SERVI
434;0;CONTRIBUI
435;0;CONTRIBUI
436;0;EXPLORA
437;9;OUTRAS OPERA
438;3;ALIENA
439;1;INDENIZA
440;0;RECEITA INTRAOR
441;9;RECEITA INTRAOR
442;0;RECEITA INTRAOR
443;0;DEDU
444;8;DEDU
445;8;DEDU
446;8;DEDU
447;8;DEDU
448;0;DEDU
449;1;DEDU
450;9;DEDU
451;0;DEDU
452;8;DEDU
453;0;DEDU
454;0;DEDU
455;0;SERVI
456;0;OPERA
457;0;ALIENA
458;0;TRANSFERONCIAS DE INSTITUI
459;3;RECEITA INTRAOR
460;8;DEDU
461;8;DEDU
462;1;DEDU
463;1;DEDU
464;8;DEDU
465;0;RECEITA INTRAOR
466;1;RECEITA INTRAOR
467;0;DEDU
468;4;IMPOSTOS SOBRE A PRODU
469;3;PARTICIPA
470;8;CONTRIBUI
471;0;EXPLORA
472;3;PETRALEO - REGIME DE PARTILHA DE PRODU
473;4;EXPLORA
474;1;JUROS E CORRE
475;2;OPERA
476;2;ALIENA
477;0;TRANSFERONCIAS DE OUTRAS INSTITUI
478;0;RECEITA INTRAOR
479;0;RECEITA INTRAOR
480;9;DEDU
481;8;DEDU
482;8;DEDU
483;0;DEDU
484;0;RECEITA INTRAOR
485;0;DEDU
486;5;IMPOSTOS SOBRE OPERA
487;0;SERVI
488;3;DELEGA
489;0;SERVI
490;8;OPERA
491;0;RECEITA INTRAOR
492;0;DEDU
493;8;DEDU
494;8;DEDU
495;0;DEDU
496;0;INTEGRALIZA
497;8;DEDU
498;0;DEDU
499;0;DEDU
500;0;EXPLORA
501;2;DELEGA
502;0;CONTRIBUI
503;5;EXPLORA
504;9;EXPLORA
505;0;OPERA
506;8;OPERA
507;9;OUTRAS OPERA
508;0;OUTROS SERVI
509;0;ALIENA
510;0;INDENIZA
511;0;ALIENA
512;0;RECEITA INTRAOR
513;0;RECEITA INTRAOR
514;0;RECEITA INTRAOR
515;0;RECEITA INTRAOR
516;0;RECEITA INTRAOR
517;8;RECEITA INTRAOR
518;0;RECEITA INTRAOR
519;8;DEDU
520;8;DEDU
521;8;DEDU
522;8;DEDU
523;8;DEDU
524;0;REMUNERA
525;8;DEDU
526;0;RECEITA INTRAOR
672;1;DELEGA
673;0;RECEITA DE SERVI
674;6;EXPLORA
675;0;OPERA
676;0;ALIENA
677;8;ALIENA
678;0;RECEITA INTRAOR
679;0;RECEITA INTRAOR
680;0;RECEITA INTRAOR
681;0;RECEITA INTRAOR
682;8;DEDU
683;8;DEDU
684;8;DEDU
685;8;DEDU
686;8;DEDU
687;8;DEDU
688;0;RECEITA INTRAOR
689;0;DEDU
690;0;DEDU
691;0;CONTRIBUI
692;8;TRANSFERONCIAS DE OUTRAS INSTITUI
693;2;OPERA
694;8;TRANSFERONCIAS DE INSTITUI
695;8;RECEITA INTRAOR
696;0;RECEITA INTRAOR
697;2;RECEITA INTRAOR
698;0;DEDU
699;8;DEDU
700;1;DEDU
701;1;DEDU
702;9;DEDU
703;0;DEDU
704;8;DEDU
705;0;CONTRIBUI
706;8;CONTRIBUI
707;9;DEMAIS DELEGA
708;8;CONTRIBUI
709;1;ALIENA
710;0;AMORTIZA
711;2;RESTITUI
712;8;DEDU
713;8;DEDU
714;8;DEDU
715;8;DEDU
716;9;DEDU
717;8;DEDU
718;8;DEDU
719;2;TAXAS PELA PRESTA
720;0;IMPOSTOS, TAXAS E CONTRIBUI
721;0;CONTRIBUI
722;0;DELEGA
723;0;SERVI
724;0;CONTRIBUI
725;0;CONTRIBUI
726;0;EXPLORA
727;9;OUTRAS OPERA
728;3;ALIENA
729;1;INDENIZA
730;0;RECEITA INTRAOR
731;9;RECEITA INTRAOR
732;0;RECEITA INTRAOR
733;0;DEDU
734;8;DEDU
735;8;DEDU
736;8;DEDU
737;8;DEDU
738;0;DEDU
739;1;DEDU
740;9;DEDU
741;0;DEDU
742;8;DEDU
743;0;DEDU
744;0;DEDU
745;0;SERVI
746;0;OPERA
747;0;ALIENA
748;0;TRANSFERONCIAS DE INSTITUI
749;3;RECEITA INTRAOR
750;8;DEDU
751;8;DEDU
752;1;DEDU
753;1;DEDU
754;8;DEDU
755;0;RECEITA INTRAOR
756;1;RECEITA INTRAOR
757;0;DEDU
758;4;IMPOSTOS SOBRE A PRODU
759;3;PARTICIPA
760;8;CONTRIBUI
761;0;EXPLORA
762;3;PETRALEO - REGIME DE PARTILHA DE PRODU
763;4;EXPLORA
764;1;JUROS E CORRE
765;2;OPERA
766;2;ALIENA
767;0;TRANSFERONCIAS DE OUTRAS INSTITUI
768;0;RECEITA INTRAOR
769;0;RECEITA INTRAOR
770;9;DEDU
771;8;DEDU
772;8;DEDU
773;0;DEDU
774;0;RECEITA INTRAOR
775;0;DEDU
776;5;IMPOSTOS SOBRE OPERA
777;0;SERVI
778;3;DELEGA
779;0;SERVI
780;8;OPERA
781;0;RECEITA INTRAOR
782;0;DEDU
783;8;DEDU
784;8;DEDU
785;0;DEDU
786;0;INTEGRALIZA
787;8;DEDU
788;0;DEDU
789;0;DEDU
790;0;EXPLORA
791;2;DELEGA
792;0;CONTRIBUI
793;5;EXPLORA
794;9;EXPLORA
795;0;OPERA
796;8;OPERA
797;9;OUTRAS OPERA
798;0;OUTROS SERVI
799;0;ALIENA
800;0;INDENIZA
801;0;ALIENA
802;0;RECEITA INTRAOR
803;0;RECEITA INTRAOR
804;0;RECEITA INTRAOR
805;0;RECEITA INTRAOR
806;0;RECEITA INTRAOR
807;8;RECEITA INTRAOR
808;0;RECEITA INTRAOR
809;8;DEDU
810;8;DEDU
811;8;DEDU
812;8;DEDU
813;8;DEDU
814;0;REMUNERA
815;8;DEDU
816;0;RECEITA INTRAOR
817;1;DELEGA
818;0;RECEITA DE SERVI
819;6;EXPLORA
820;0;OPERA
821;0;ALIENA
822;8;ALIENA
823;0;RECEITA INTRAOR
824;0;RECEITA INTRAOR
825;0;RECEITA INTRAOR
826;0;RECEITA INTRAOR
827;8;DEDU
828;8;DEDU
829;8;DEDU
830;8;DEDU
831;8;DEDU
832;8;DEDU
833;0;RECEITA INTRAOR
834;0;DEDU
835;0;DEDU
836;0;CONTRIBUI
837;8;TRANSFERONCIAS DE OUTRAS INSTITUI
838;2;OPERA
839;8;TRANSFERONCIAS DE INSTITUI
840;8;RECEITA INTRAOR
841;0;RECEITA INTRAOR
842;2;RECEITA INTRAOR
843;0;DEDU
844;8;DEDU
845;1;DEDU
846;1;DEDU
847;9;DEDU
848;0;DEDU
849;8;DEDU
850;0;CONTRIBUI
851;8;CONTRIBUI
852;9;DEMAIS DELEGA
853;8;CONTRIBUI
854;1;ALIENA
855;0;AMORTIZA
856;2;RESTITUI
857;8;DEDU
858;8;DEDU
859;8;DEDU
860;8;DEDU
861;9;DEDU
862;8;DEDU
863;8;DEDU
864;2;TAXAS PELA PRESTA
865;0;IMPOSTOS, TAXAS E CONTRIBUI
866;0;CONTRIBUI
867;0;DELEGA
868;0;SERVI
869;0;CONTRIBUI
870;0;CONTRIBUI
871;0;EXPLORA
872;9;OUTRAS OPERA
873;3;ALIENA
874;1;INDENIZA
875;0;RECEITA INTRAOR
876;9;RECEITA INTRAOR
877;0;RECEITA INTRAOR
878;0;DEDU
879;8;DEDU
880;8;DEDU
881;8;DEDU
882;8;DEDU
883;0;DEDU
884;1;DEDU
885;9;DEDU
886;0;DEDU
887;8;DEDU
888;0;DEDU
889;0;DEDU
890;0;SERVI
891;0;OPERA
892;0;ALIENA
893;0;TRANSFERONCIAS DE INSTITUI
894;3;RECEITA INTRAOR
895;8;DEDU
896;8;DEDU
897;1;DEDU
898;1;DEDU
899;8;DEDU
900;0;RECEITA INTRAOR
901;1;RECEITA INTRAOR
902;0;DEDU
903;4;IMPOSTOS SOBRE A PRODU
904;3;PARTICIPA
905;8;CONTRIBUI
906;0;EXPLORA
907;3;PETRALEO - REGIME DE PARTILHA DE PRODU
908;4;EXPLORA
909;1;JUROS E CORRE
910;2;OPERA
911;2;ALIENA
912;0;TRANSFERONCIAS DE OUTRAS INSTITUI
913;0;RECEITA INTRAOR
914;0;RECEITA INTRAOR
915;9;DEDU
916;8;DEDU
917;8;DEDU
918;0;DEDU
919;0;RECEITA INTRAOR
920;0;DEDU
921;5;IMPOSTOS SOBRE OPERA
922;0;SERVI
923;3;DELEGA
924;0;SERVI
925;8;OPERA
926;0;RECEITA INTRAOR
927;0;DEDU
928;8;DEDU
929;8;DEDU
930;0;DEDU
931;0;INTEGRALIZA
932;8;DEDU
933;0;DEDU
934;0;DEDU
935;0;EXPLORA
936;2;DELEGA
937;0;CONTRIBUI
938;5;EXPLORA
939;9;EXPLORA
940;0;OPERA
941;8;OPERA
942;9;OUTRAS OPERA
943;0;OUTROS SERVI
944;0;ALIENA
945;0;INDENIZA
946;0;ALIENA
947;0;RECEITA INTRAOR
948;0;RECEITA INTRAOR
949;0;RECEITA INTRAOR
950;0;RECEITA INTRAOR
951;0;RECEITA INTRAOR
952;8;RECEITA INTRAOR
953;0;RECEITA INTRAOR
954;8;DEDU
955;8;DEDU
956;8;DEDU
957;8;DEDU
958;8;DEDU
959;0;REMUNERA
960;8;DEDU
961;0;RECEITA INTRAOR
962;1;SEM DESCRICAO
963;8;SEM DESCRICAO
