id_desdobramento_3,cd_desdobramento_3,nome
315,1,RECEITA INTRAORCAMENTARIA - OUTRAS RECEITAS - PRIMARIAS
316,2,DEDUCAO DAS RECEITAS - IMPOSTO SOBRE A PROPRIEDADE DE VEICULOS AUTOMOTORES - PRINCIPAL - COTA PARTE DO ESTADO PARA O FUNDEB
317,1,RECEITA INTRAORCAMENTARIA - CONTRIBUICAO PATRONAL DO MILITAR
318,0,RECEITA INTRAORCAMENTARIA - RECEITA PATRIMONIAL
319,0,"RECEITA INTRAORCAMENTARIA - CONCESSAO, PERMISSAO, AUTORIZACAO OU CESSAO DO DIREITO DE USO DE BENS IMOVEIS PUBLICOS"
320,0,RECEITA INTRAORCAMENTARIA - DEMAIS RECEITAS PATRIMONIAIS
321,0,RECEITA INTRAORCAMENTARIA - RECEITA INDUSTRIAL
322,0,RECEITA INTRAORCAMENTARIA - SERVICOS DE INFORMACAO E TECNOLOGIA
323,1,RECEITA INTRAORCAMENTARIA - SERVICOS DE ATENDIMENTO A SAUDE
324,0,TRANSFERENCIAS DE PESSOAS FISICAS
325,0,TRANSFERENCIAS PROVENIENTES DE DEPOSITOS NAO IDENTIFICADOS
326,0,DEDUCAO DAS RECEITAS - MULTAS PREVISTAS EM LEGISLACAO ESPECIFICA
327,9,OUTRAS TRANSFERENCIAS DE CONVENIO DOS ESTADOS
328,0,"DEDUCAO DAS RECEITAS - MULTAS ADMINISTRATIVAS, CONTRATUAIS E JUDICIAIS"
329,1,DELEGACAO PARA A PRESTACAO DOS SERVICOS DE TRANSPORTE AEROVIARIO
330,0,DELEGACAO DOS SERVICOS DE TELECOMUNICACAO
331,4,CESSAO DO DIREITO DE USO DE RADIOFREQUENCIA
332,6,CONTRIBUICAO PATRONAL DOS PENSIONISTAS MILITARES
333,1,CONTRIBUICAO PARA O PROGRAMA DE INTEGRACAO NACIONAL - PIN
334,0,"CONTRIBUICAO DE LOJAS FRANCAS, ENTREPOSTOS ADUANEIROS E DEPOSITOS ALFANDEGARIOS"
335,0,CONTRIBUICAO SOBRE APOSTAS EM COMPETICOES HIPICAS
336,1,OUTRAS DELEGACOES DE SERVICOS PUBLICOS
337,1,BONUS DE ASSINATURA DO CONTRATO DE CONCESSAO
338,6,CONTRIBUICAO DO SERVIDOR ATIVO AO RPPS ORIUNDA DE SENTENCAS JUDICIAIS
339,8,CONTRIBUICAO DO PENSIONISTA AO RPPS ORIUNDA DE SENTENCAS JUDICIAIS
340,2,CONTRIBUICAO SOBRE LOTERIAS ESPORTIVAS
341,1,CONTRIBUICAO PARA O FOMENTO DA RADIODIFUSAO PUBLICA
342,2,CONTRIBUICAO SOBRE O FATURAMENTO DAS EMPRESAS DE INFORMATICA INSTALADAS NAS DEMAIS REGIOES
343,0,CONTRIBUICOES ECONOMICAS SOBRE COMMODITIES
344,0,PETROLEO - REGIME DE PARTILHA DE PRODUCAO
345,1,CONTRIBUICAO SOBRE SORTEIOS REALIZADOS POR ENTIDADES FILANTROPICAS
346,2,"FOROS, LAUDEMIOS E TARIFAS DE OCUPACAO"
347,0,COTA-PARTE DA CONTRIBUICAO SINDICAL
348,2,CONTRIBUICAO SOBRE A REMUNERACAO DEVIDA AO TRABALHADOR
349,1,CONTRIBUICAO PARA O ENSINO AEROVIARIO
350,0,CONCESSAO DE FLORESTAS NACIONAIS
351,6,JUROS SOBRE O CAPITAL PROPRIO
352,0,OUTRAS DELEGACOES PARA EXPLORACAO DE RECURSOS NATURAIS
353,0,CONTRIBUICAO DE MELHORIA PARA EXPANSAO DA REDE DE ILUMINACAO PUBLICA NA CIDADE
354,0,CONTRIBUICAO DE MELHORIA PARA EXPANSAO DE REDE DE ILUMINACAO PUBLICA RURAL
355,0,CONTRIBUICAO SOCIAL SOBRE O LUCRO LIQUIDO - CSLL
356,0,"DELEGACAO DE SERVICOS PUBLICOS MEDIANTE CONCESSAO, PERMISSAO, AUTORIZACAO OU LICENCA"
357,0,CESSAO DE DIREITOS
358,1,TRANSFERENCIAS DE RECURSOS DO SISTEMA UNICO DE SAUDE - SUS
359,1,SERVICOS PORTUARIOS
360,0,SERVICOS AEROPORTUARIOS
361,5,OUTRAS PARTICIPACOES NA RECEITA DOS ESTADOS
362,0,SERVICOS E ATIVIDADES REFERENTES A SAUDE
363,0,TRANSFERENCIAS DE ESTADOS DESTINADAS A ASSISTENCIA SOCIAL
364,1,TRANSFERENCIAS DE CONVENIO DOS ESTADOS PARA O SISTEMA UNICO DE SAUDE - SUS
365,0,TRANSFERENCIAS DOS MUNICIPIOS E DE SUAS ENTIDADES
366,0,TRANSFERENCIAS DE RECURSOS DO SISTEMA UNICO DE SAUDE - SUS
367,0,OUTROS RESSARCIMENTOS
368,0,"BENS, DIREITOS E VALORES INCORPORADOS AO PATRIMONIO PUBLICO"
369,0,OUTRAS TRANSFERENCIAS DOS MUNICIPIOS
370,1,OUTRAS TRANSFERENCIAS DOS MUNICIPIOS
371,0,TRANSFERENCIAS DE INSTITUICOES PRIVADAS
372,0,OUTROS SERVICOS
373,1,PREMIOS PRESCRITOS DE CONCURSOS DE PROGNOSTICOS
374,5,TRANSFERENCIAS DE CONVENIOS DOS ESTADOS DESTINADAS A PROGRAMAS DE SANEAMENTO BASICO
375,0,"TRANSFERENCIAS DA UNIAO - ESPECIFICAS DE ESTADOS, DF E MUNICIPIOS"
376,1,CONTRIBUICAO AO MONTEPIO CIVIL
377,0,TRANSFERENCIAS DE RECURSOS DO FUNDO DE MANUTENCAO E DESENVOLVIMENTO DA EDUCACAO BASICA E DE VALORIZACAO DOS PROFISSIONAIS DA EDUCACAO - FUNDEB
378,0,RESERVA GLOBAL DE REVERSAO
379,1,RESERVA GLOBAL DE REVERSAO
380,0,"TRANSFERENCIAS DOS ESTADOS, DISTRITO FEDERAL, E DE SUAS ENTIDADES"
381,2,OUTRAS RECEITAS - FINANCEIRAS
382,0,RECEITAS DE CAPITAL
383,2,TITULOS DE RESPONSABILIDADE DO TESOURO NACIONAL - REFINANCIAMENTO DA DIVIDA PUBLICA FEDERAL NO MERCADO INTERNO
384,3,TITULOS DA DIVIDA AGRARIA - TDA
385,1,EMPRESTIMOS COMPULSORIOS
386,0,TRANSFERENCIAS DE CONVENIOS DOS MUNICIPIOS E DE SUAS ENTIDADES
387,0,"MULTAS ADMINISTRATIVAS, CONTRATUAIS E JUDICIAIS"
388,2,OPERACOES DE CREDITO INTERNAS PARA PROGRAMAS DE SAUDE
389,0,TITULOS DE RESPONSABILIDADE DO TESOURO NACIONAL - MERCADO EXTERNO
390,0,OPERACOES DE CREDITO EXTERNAS - ESTADOS/DF/ MUNICIPIOS
391,2,TRANSFERENCIAS DE CONVENIOS DA UNIAO DESTINADAS A PROGRAMAS DE EDUCACAO
392,0,OUTRAS OPERACOES DE CREDITO - MERCADO EXTERNO
393,1,ALIENACAO DE TITULOS MOBILIARIOS
394,1,ALIENACAO DE ESTOQUES DO PROGRAMA DE AQUISICAO DE ALIMENTOS - PAA
395,1,ALIENACAO DE INVESTIMENTOS TEMPORARIOS
396,1,MULTAS PREVISTAS NA LEGISLACAO SOBRE DEFESA DOS DIREITOS DIFUSOS
397,1,MULTAS APLICADAS PELOS TRIBUNAIS DE CONTAS
398,0,OUTRAS TRANSFERENCIAS DE RECURSOS FUNDO A FUNDO
399,1,COTA-PARTE DO ICMS
400,2,RESTITUICAO DE CONVENIOS - FINANCEIRAS
401,2,IMPOSTO SOBRE A RENDA - RETIDO NA FONTE - CAPITAL
402,3,IMPOSTO SOBRE A RENDA - RETIDO NA FONTE - REMESSA AO EXTERIOR
403,0,"IMPOSTOS SOBRE OPERACOES DE CREDITO, CAMBIO E SEGURO, OU RELATIVAS A TITULOS OU VALORES MOBILIARIOS"
404,1,IMPOSTO SOBRE OPERACOES FINANCEIRAS - IOF - OURO
405,0,IMPOSTOS SOBRE O PATRIMONIO PARA ESTADOS/DF/MUNICIPIOS
406,0,TAXAS
407,0,"TAXAS DE INSPECAO, CONTROLE E FISCALIZACAO"
408,0,DEMAIS RECEITAS DE CAPITAL
409,0,RECEITA INTRAORCAMENTARIA - TAXAS
410,1,RECEITA INTRAORCAMENTARIA - OUTRAS RESTITUICOES
411,0,RECEITA INTRAORCAMENTARIA - DEMAIS RECEITAS CORRENTES
412,2,DEDUCAO DAS RECEITAS - IMPOSTO SOBRE A PROPRIEDADE DE VEICULOS AUTOMOTORES - DIVIDA ATIVA
413,3,"DEDUCAO DAS RECEITAS - IMPOSTO SOBRE TRANSMISSAO ""CAUSA MORTIS"" E DOACAO DE BENS E DIREITOS - PRINCIPAL"
414,3,"DEDUCAO DAS RECEITAS - IMPOSTO SOBRE TRANSMISSAO ""CAUSA MORTIS"" E DOACAO DE BENS E DIREITOS - DIVIDA ATIVA - MULTAS E JUROS"
415,3,"DEDUCAO DAS RECEITAS - IMPOSTO SOBRE TRANSMISSAO ""CAUSA MORTIS"" E DOACAO DE BENS E DIREITOS - DIVIDA ATIVA - MULTAS E JUROS - COTA PARTE DO ESTADO PAR"
416,0,DEDUCAO DAS RECEITAS - VALORES MOBILIARIOS
417,1,"RECEITA INTRAORCAMENTARIA - CONCESSAO, PERMISSAO, AUTORIZACAO OU CESSAO DO DIREITO DE USO DE BENS IMOVEIS PUBLICOS"
418,1,RECEITA INTRAORCAMENTARIA - COMPENSACOES AMBIENTAIS
419,1,RECEITA INTRAORCAMENTARIA - RECEITA INDUSTRIAL
420,1,"RECEITA INTRAORCAMENTARIA - SERVICOS DE REGISTRO, CERTIFICACAO E FISCALIZACAO"
421,0,RECEITA INTRAORCAMENTARIA - TRANSFERENCIAS DOS ESTADOS E DO DISTRITO FEDERAL E DE SUAS ENTIDADES
422,0,RECEITA INTRAORCAMENTARIA - OUTRAS RECEITAS CORRENTES
423,0,TRANSFERENCIAS DO EXTERIOR
424,1,RESULTADO DO BANCO CENTRAL - OPERACOES COM RESERVAS E DERIVATIVOS CAMBIAIS
425,0,RESGATE DE TITULOS DO TESOURO
426,4,DEDUCAO DAS RECEITAS - REMUNERACAO DOS RECURSOS DO REGIME PROPRIO DE PREVIDENCIA SOCIAL - RPPS
427,1,DEDUCAO DAS RECEITAS - OUTROS VALORES MOBILIARIOS
428,6,DEDUCAO DAS RECEITAS - COTA-PARTE DO IMPOSTO SOBRE PRODUTOS INDUSTRIALIZADOS - ESTADOS EXPORTADORES DE PRODUTOS INDUSTRIALIZADOS - PRINCIPAL - FUNDEB
429,1,DEDUCAO DAS RECEITAS - TRANSFERENCIA FINANCEIRA DO ICMS - DESONERACAO - L.C. NO 87/96 - PRINCIPAL - FUNDEB
430,1,RECEITA AGROPECUARIA
431,1,OUTRAS CONTRIBUICOES SOCIAIS
432,1,DELEGACAO PARA A PRESTACAO DOS SERVICOS DE TRANSPORTE METROVIARIO
433,0,DELEGACAO PARA EXPLORACAO DA INFRAESTRUTURA AEROPORTUARIA
434,0,CONTRIBUICOES ECONOMICAS
435,1,"CONTRIBUICAO DE LOJAS FRANCAS, ENTREPOSTOS ADUANEIROS E DEPOSITOS ALFANDEGARIOS"
436,1,ROYALTIES MINIMOS PELA PRODUCAO DE PETROLEO EM TERRA (QUALQUER SITUACAO) - CONTRATO DE CONCESSAO
437,0,"CONTRIBUICAO PELA LICENCA DE USO, AQUISICAO OU TRANSFERENCIA DE TECNOLOGIA - CIDE - REMESSAS AO EXTERIOR"
438,3,ROYALTIES EXCEDENTES PELA PRODUCAO DE PETROLEO EM PLATAFORMA - CONTRATO DE CONCESSAO - DECLARACAO DE COMERCIALIDADE ANTES DE 3/12/2012 - DEMAIS SITUAC
439,1,CONTRIBUICAO PARA FUNDOS DE ASSISTENCIA MEDICA -POLICIAIS MILITARES
440,2,CONTRIBUICAO PARA FUNDOS DE ASSISTENCIA MEDICA DOS BOMBEIROS MILITARES
441,0,PARTICIPACAO ESPECIAL PELA PRODUCAO DE PETROLEO - CONTRATO DE CONCESSAO
442,0,PETROLEO - REGIME DE CESSAO ONEROSA
443,0,ROYALTIES MINIMOS PELA PRODUCAO DE PETROLEO - CESSAO ONEROSA - DECLARACAO DE COMERCIALIDADE A PARTIR DE 3/12/2012
444,1,CONTRIBUICAO SOBRE A LOTERIA FEDERAL
445,3,CONTRIBUICAO SOBRE CONCURSOS ESPECIAIS DE LOTERIAS ESPORTIVAS
446,0,CONTRIBUICAO PARA O FOMENTO DA RADIODIFUSAO PUBLICA
447,0,CONTRIBUICAO SOBRE O FATURAMENTO DAS EMPRESAS DE INFORMATICA
448,1,CONTRIBUICAO PARA O CUSTEIO DO SERVICO DE ILUMINACAO PUBLICA
449,0,OUTRAS CONCESSOES FLORESTAIS
450,2,CONTRATOS DE TRANSICAO DE CONCESSAO FLORESTAL
451,3,REMUNERACAO DE SALDOS DE RECURSOS NAO-DESEMBOLSADOS
452,5,JUROS DE TITULOS DE RENDA
453,0,COMPENSACOES AMBIENTAIS
454,1,CONTRIBUICAO DE MELHORIA PARA EXPANSAO DE REDE DE ILUMINACAO PUBLICA RURAL
455,1,ROYALTIES PELA EXPLORACAO DO PATRIMONIO GENETICO OU CONHECIMENTO TRADICIONAL ASSOCIADO
456,1,TRANSFERENCIAS ADVINDAS DE EMENDAS PARLAMENTARES INDIVIDUAIS
457,1,TARIFA AEROPORTUARIA
458,1,COTA-PARTE DA COMPENSACAO FINANCEIRA DE RECURSOS HIDRICOS
459,0,RESTITUICAO DE BENEFICIOS ASSISTENCIAIS
460,1,RESTITUICAO DE DESPESAS DE EXERCICIOS ANTERIORES
461,1,RESTITUICAO DE GARANTIAS PRESTADAS
462,0,RESTITUICAO DE RECURSOS DE FOMENTO
463,2,TRANSFERENCIAS DE CONVENIO DA UNIAO DESTINADAS A PROGRAMAS DE EDUCACAO
464,2,TRANSFERENCIAS DE CONVENIO DOS ESTADOS DESTINADAS A PROGRAMAS DE EDUCACAO
465,7,TRANSFERENCIAS DE CONVENIOS DA UNIAO DESTINADAS A PROGRAMAS DE INFRAESTRUTURA EM TRANSPORTE
466,0,RESSARCIMENTO DE CUSTOS
467,1,RESSARCIMENTO DE CUSTOS
468,0,"TRANSFERENCIAS DOS MUNICIPIOS - ESPECIFICAS DE ESTADOS, DF E MUNICIPIOS"
469,0,TRANSFERENCIA DE CONVENIOS DOS MUNICIPIOS E DE SUAS ENTIDADES
470,1,RESSARCIMENTO AO REGIME GERAL DE PREVIDENCIA SOCIAL - RGPS
471,0,DEPOSITOS ABANDONADOS (DINHEIRO E/OU OBJETOS DE VALOR)
472,0,PREMIOS PRESCRITOS DE CONCURSOS DE PROGNOSTICOS
473,5,COTA-PARTE DO IMPOSTO SOBRE A PROPRIEDADE TERRITORIAL RURAL
474,1,COMPENSACOES FINANCEIRAS ENTRE O REGIME GERAL E OS REGIMES PROPRIOS DE PREVIDENCIA DOS SERVIDORES
475,0,BARREIRAS TECNICAS AO COMERCIO EXTERIOR
476,8,"COTA-PARTE DO IMPOSTO SOBRE OPERACOES DE CREDITO, CAMBIO E SEGURO, OU RELATIVAS A TITULOS OU VALORES MOBILIARIOS - COMERCIALIZACAO DO OURO"
477,0,DISPONIBILIDADES DE RECURSOS DO FUNDO SOCIAL
478,1,DISPONIBILIDADES DE RECURSOS DO FUNDO SOCIAL
479,2,ONUS DE SUCUMBENCIA
480,0,OUTRAS TRANSFERENCIAS DA UNIAO
481,5,"COTA-PARTE ROYALTIES PELA PARTICIPACAO ESPECIAL - LEI NO 9.478/97, ARTIGO 50"
482,1,TITULOS DE RESPONSABILIDADE DO TESOURO NACIONAL - MERCADO INTERNO
483,0,TRANSFERENCIAS DE RECURSOS DO FUNDO NACIONAL DE ASSISTENCIA SOCIAL - FNAS
484,3,TRANSFERENCIAS DIRETAS DO FNDE REFERENTES AO PROGRAMA NACIONAL DE ALIMENTACAO ESCOLAR - PNAE
485,0,OUTRAS RECEITAS CORRENTES
486,2,TITULOS DE RESPONSABILIDADE DO TESOURO NACIONAL - REFINANCIAMENTO DA DIVIDA PUBLICA FEDERAL NO MERCADO EXTERNO
487,1,TRANSFERENCIAS DE CONVENIOS DA UNIAO PARA O SISTEMA UNICO DE SAUDE - SUS
488,0,INSCRICAO EM CONCURSOS E PROCESSOS SELETIVOS
489,1,ALIENACAO DE ESTOQUES DA POLITICA DE GARANTIA DE PRECOS MINIMOS - PGPM
490,0,"ALIENACAO DE BENS MOVEIS ESPECIFICA PARA ESTADOS, DISTRITO FEDERAL E MUNICIPIOS"
491,0,MULTAS POR DANOS AMBIENTAIS
492,2,ALIENACAO DE INVESTIMENTOS PERMANENTES
493,1,ALIENACAO DE BENS IMOVEIS
494,0,AMORTIZACAO DE EMPRESTIMOS - REFINANCIAMENTO DE DIVIDAS DE MEDIO E LONGO PRAZO
495,0,SERVICOS DE INFORMACAO E TECNOLOGIA
496,1,MULTAS DECORRENTES DE SENTENCAS JUDICIAIS
497,1,MULTAS E JUROS PREVISTOS EM CONTRATOS
498,2,COTA-PARTE DO IPVA
499,0,RESTITUICAO DE CONVENIOS
500,0,RESTITUICAO DE BENEFICIOS NAO DESEMBOLSADOS
501,9,OUTRAS TRANSFERENCIAS DE CONVENIOS DOS MUNICIPIOS
502,1,INDENIZACOES POR DANOS CAUSADOS AO PATRIMONIO PUBLICO
503,1,TRANSFERENCIA DE CONVENIOS DE INSTITUICOES PRIVADAS
504,6,TRANSFERENCIAS DE CONVENIOS DA UNIAO DESTINADAS A PROGRAMAS DE MEIO AMBIENTE
505,1,IMPOSTO SOBRE PRODUTOS INDUSTRIALIZADOS - IPI - FUMO
506,1,"TAXAS DE INSPECAO, CONTROLE E FISCALIZACAO"
507,0,TAXA DE CONTROLE E FISCALIZACAO DE PRODUTOS QUIMICOS
508,0,"IMPOSTOS ESPECIFICOS DE ESTADOS, DF E MUNICIPIOS"
509,4,"IMPOSTO SOBRE TRANSMISSAO ""INTER VIVOS"" DE BENS IMOVEIS E DE DIREITOS REAIS SOBRE IMOVEIS"
510,1,IMPOSTO SOBRE A EXPORTACAO
511,2,IMPOSTO SOBRE A PROPRIEDADE TERRITORIAL RURAL - MUNICIPIOS NAO-CONVENIADOS
512,0,IMPOSTOS SOBRE A RENDA E PROVENTOS DE QUALQUER NATUREZA
513,1,IMPOSTO SOBRE A RENDA DE PESSOA JURIDICA - IRPJ - LIQUIDA DE INCENTIVOS
514,0,IMPOSTO SOBRE A RENDA - RETIDO NA FONTE
515,0,RECEITA INTRAORCAMENTARIA - TAXAS PELO EXERCICIO DO PODER DE POLICIA
516,0,RECEITA INTRAORCAMENTARIA - RESSARCIMENTOS
517,1,RECEITA INTRAORCAMENTARIA - APORTES PERIODICOS PARA AMORTIZACAO DE DEFICIT ATUARIAL DO RPPS
518,2,DEDUCAO DAS RECEITAS - IMPOSTO SOBRE A PROPRIEDADE DE VEICULOS AUTOMOTORES - MULTAS E JUROS
519,2,DEDUCAO DAS RECEITAS - IMPOSTO SOBRE A PROPRIEDADE DE VEICULOS AUTOMOTORES - MULTAS E JUROS - COTA PARTE DO ESTADO PARA O FUNDEB
520,3,"DEDUCAO DAS RECEITAS - IMPOSTO SOBRE TRANSMISSAO ""CAUSA MORTIS"" E DOACAO DE BENS E DIREITOS - MULTAS E JUROS - COTA PARTE DO ESTADO PARA O FUNDEB"
521,1,RECEITA INTRAORCAMENTARIA - OUTRAS CONTRIBUICOES SOCIAIS
1,1,TAXA DE CONTROLE E FISCALIZACAO DE PRODUTOS QUIMICOS
2,0,TAXA DE CONTROLE E FISCALIZACAO AMBIENTAL
3,1,TAXA DE CONTROLE E FISCALIZACAO DA PESCA E AQUICULTURA
4,4,IMPOSTO SOBRE PRODUTOS INDUSTRIALIZADOS - IPI - VINCULADOS A IMPORTACAO
5,3,"IMPOSTO SOBRE TRANSMISSAO ""CAUSA MORTIS"" E DOACAO DE BENS E DIREITOS"
6,0,OUTROS IMPOSTOS
7,1,OUTROS IMPOSTOS
8,0,IMPOSTOS SOBRE O COMERCIO EXTERIOR
9,1,IMPOSTO SOBRE A IMPORTACAO
10,1,RECEITAS DE ALIENACAO DE CERTIFICADOS DE POTENCIAL ADICIONAL DE CONSTRUCAO - CEPAC
11,1,"RECEITA INTRAORCAMENTARIA - TAXAS DE INSPECAO, CONTROLE E FISCALIZACAO"
12,0,RECEITA INTRAORCAMENTARIA - CONTRIBUICOES
13,0,DEDUCAO DAS RECEITAS - IMPOSTOS ESPECIFICOS DE ESTADOS/DF MUNICIPIOS
14,0,DEDUCAO DAS RECEITAS - IMPOSTOS SOBRE O PATRIMONIO PARA ESTADOS/DF/MUNICIPIOS
15,1,RECEITA INTRAORCAMENTARIA - RECEITA AGROPECUARIA
16,1,RECEITA INTRAORCAMENTARIA - SERVICOS ADMINISTRATIVOS E COMERCIAIS GERAIS
17,0,"RECEITA INTRAORCAMENTARIA - SERVICOS DE REGISTRO, CERTIFICACAO E FISCALIZACAO"
18,1,RECEITA INTRAORCAMENTARIA - SERVICOS DE INFORMACAO E TECNOLOGIA
19,0,RECEITA INTRAORCAMENTARIA - OUTROS SERVICOS
20,1,TRANSFERENCIAS DE OUTRAS INSTITUICOES PUBLICAS
21,1,TRANSFERENCIAS DE PESSOAS FISICAS
22,0,OUTRAS RECEITAS DE CAPITAL
23,1,DEDUCAO DAS RECEITAS - MULTAS PREVISTAS EM LEGISLACAO ESPECIFICA - PRINCIPAL - MULTA ISOLADA POR INFRACAO A OBRIGACAO ACESSORIA
24,1,DEDUCAO DAS RECEITAS - MULTAS PREVISTAS EM LEGISLACAO ESPECIFICA - DIVIDA ATIVA
25,1,DEDUCAO DAS RECEITAS - MULTAS PREVISTAS EM LEGISLACAO ESPECIFICA - DIVIDA ATIVA - MULTA ISOLADA POR INFRACAO A OBRIGACAO ACESSORIA - CESSAO DE DIREITO
26,5,TRANSFERENCIAS DE CONVENIOS DA UNIAO DESTINADAS A PROGRAMAS DE SANEAMENTO BASICO
27,0,DEDUCAO DAS RECEITAS - JUROS E CORRECOES MONETARIAS
28,1,DEDUCAO DAS RECEITAS - OUTROS VALORES MOBILIARIOS - PRINCIPAL
29,1,DEDUCAO DAS RECEITAS - COTA-PARTE DO FUNDO DE PARTICIPACAO DOS ESTADOS E DO DISTRITO FEDERAL - PRINCIPAL
30,0,RECEITA INDUSTRIAL
31,1,RECEITA INDUSTRIAL
32,0,DELEGACAO DOS SERVICOS DE INFRAESTRUTURA
33,0,DELEGACAO PARA EXPLORACAO DA INFRAESTRUTURA DE TRANSPORTE FERROVIARIO
34,0,CONTRIBUICOES PARA O REGIME PROPRIO DE PREVIDENCIA SOCIAL - RPPS DE ESTADOS/DF/MUNICIPIOS
35,0,DELEGACAO PARA EXPLORACAO DA INFRAESTRUTURA DE TRANSPORTE AQUAVIARIO
36,1,DELEGACAO PARA EXPLORACAO DA INFRAESTRUTURA AEROPORTUARIA
37,0,SERVICOS ADMINISTRATIVOS E COMERCIAIS GERAIS
38,1,CONTRIBUICAO PATRONAL DO MILITAR ATIVO
39,7,CONCESSAO DE LICENCAS E AUTORIZACOES DA AGENCIA ESPACIAL BRASILEIRA
40,9,OUTRAS DELEGACOES DOS SERVICOS DE TELECOMUNICACAO
41,0,DEMAIS DELEGACOES DE SERVICOS PUBLICOS
42,0,PETROLEO - REGIME DE CONCESSAO
43,0,ROYALTIES MINIMOS PELA PRODUCAO DE PETROLEO - CONTRATO DE CONCESSAO
44,0,CONTRIBUICAO SOBRE AS RECEITAS DE CONCESSIONARIAS E PERMISSIONARIAS DE ENERGIA ELETRICA
45,2,ROYALTIES EXCEDENTES PELA PRODUCAO DE PETROLEO EM PLATAFORMA - CONTRATO DE CONCESSAO - DECLARACAO DE COMERCIALIDADE ANTES DE 3/12/2012 - AREA E CAMADA
46,1,CONTRIBUICAO SOBRE A RECEITA OPERACIONAL BRUTA DECORRENTE DE PRESTACAO DE SERVICOS DE TELECOMUNICACOES
47,2,PARTICIPACAO ESPECIAL PELA PRODUCAO DE PETROLEO EM PLATAFORMA - CONTRATO DE CONCESSAO - DECLARACAO DE COMERCIALIDADE ANTES DE 3/12/2012 - AREA E CAMAD
48,0,CONTRIBUICOES SOBRE CONCURSOS DE PROGNOSTICOS E SORTEIOS
49,4,CONTRIBUICAO SOBRE LOTERIAS DE NUMEROS
50,5,CONTRIBUICAO SOBRE LOTERIA INSTANTANEA
51,0,CONTRIBUICAO PARA O CUSTEIO DO SERVICO DE ILUMINACAO PUBLICA
52,0,EXPLORACAO DO PATRIMONIO IMOBILIARIO DO ESTADO
53,0,OUTORGA DE DIREITOS DE USO DE RECURSOS HIDRICOS
54,1,CONTRIBUICAO RELATIVA A DESPEDIDA DE EMPREGADO SEM JUSTA CAUSA
55,1,CONTRIBUICAO SOCIAL DO SALARIO-EDUCACAO
56,0,CONTRIBUICAO PARA O ENSINO AEROVIARIO
57,2,UTILIZACAO DE RECURSOS HIDRICOS - DEMAIS EMPRESAS
58,0,EMOLUMENTOS E CUSTAS JUDICIAIS
59,0,OUTRAS CONTRIBUICOES SOCIAIS
60,1,REMUNERACAO DE DEPOSITOS BANCARIOS
61,1,OUTRAS DELEGACOES PARA EXPLORACAO DE RECURSOS NATURAIS
62,1,CONTRIBUICAO DE MELHORIA PARA EXPANSAO DA REDE DE ILUMINACAO PUBLICA NA CIDADE
63,0,CONTRIBUICAO DE MELHORIA PARA PAVIMENTACAO E OBRAS COMPLEMENTARES
64,0,CONTRIBUICOES SOCIAIS
65,0,DEMAIS RECEITAS PATRIMONIAIS
66,0,TRANSFERENCIA DA COTA-PARTE DA COMPENSACAO FINANCEIRA (25%)
67,1,TRANSFERENCIAS DE ESTADOS A CONSORCIOS PUBLICOS
68,1,RESTITUICAO DE BENEFICIOS PREVIDENCIARIOS
69,0,RESTITUICAO DE PARCELAS DO SEGURO DESEMPREGO RECEBIDAS INDEVIDAMENTE
70,1,SERVICOS DE ATENDIMENTO A SAUDE
71,1,RESTITUICAO DECORRENTE DA NAO APLICACAO DE INCENTIVOS FISCAIS RELATIVOS A LEI ROUANET
72,2,RESTITUICAO DECORRENTE DA NAO APLICACAO DE INCENTIVOS FISCAIS RELATIVOS A LEI DO AUDIOVISUAL
73,0,RESTITUICAO DECORRENTE DA APLICACAO IRREGULAR DE RECURSOS ELEITORAIS
74,0,RESSARCIMENTOS
75,1,TRANSFERENCIAS DOS MUNICIPIOS E DE SUAS ENTIDADES
76,1,"CONCESSAO DE AVAIS, GARANTIAS E SEGUROS"
77,1,DEPOSITOS ABANDONADOS (DINHEIRO E/OU OBJETOS DE VALOR)
78,0,APORTES PERIODICOS PARA AMORTIZACAO DE DEFICIT ATUARIAL DO RPPS
79,0,COMPENSACOES FINANCEIRAS ENTRE O REGIME GERAL E OS REGIMES PROPRIOS DE PREVIDENCIA DOS SERVIDORES
80,1,BARREIRAS TECNICAS AO COMERCIO EXTERIOR
81,1,CONTRAPARTIDA DE SUBVENCOES OU SUBSIDIOS
82,0,VARIACAO CAMBIAL
83,1,VARIACAO CAMBIAL
84,1,TRANSFERENCIAS DOS ESTADOS E DISTRITO FEDERAL A CONSORCIOS PUBLICOS
85,1,TRANSFERENCIA DE RECURSOS DO SISTEMA UNICO DE SAUDE - SUS - REPASSES FUNDO A FUNDO
86,0,OUTRAS TRANSFERENCIAS MULTIGOVERNAMENTAIS
87,1,TRANSFERENCIA DE CONVENIOS DO EXTERIOR
88,7,OPERACOES DE CREDITO INTERNAS PARA PROGRAMAS DE MORADIA POPULAR
89,1,OPERACOES DE CREDITO EXTERNAS PARA PROGRAMAS DE EDUCACAO
90,1,INSCRICAO EM CONCURSOS E PROCESSOS SELETIVOS
91,0,"SERVICOS DE REGISTRO, CERTIFICACAO E FISCALIZACAO"
92,1,MULTAS PREVISTAS NA LEI GERAL DAS TELECOMUNICACOES
93,1,MULTAS PREVISTAS NA LEGISLACAO DO SEGURO-DESEMPREGO E ABONO SALARIAL
94,1,ALIENACAO DE ESTOQUES COMERCIAIS DESTINADOS A PROGRAMAS SOCIAIS
95,1,ALIENACAO DE ESTOQUES DE CAFE - FUNCAFE
96,0,ALIENACAO DE BENS MOVEIS E SEMOVENTES
97,1,ALIENACAO DE BENS INTANGIVEIS
98,0,AMORTIZACAO DE EMPRESTIMOS
99,0,AMORTIZACAO DE EMPRESTIMOS - ESTADOS E MUNICIPIOS
100,0,AMORTIZACAO DE EMPRESTIMOS - PROGRAMA DAS OPERACOES OFICIAIS DE CREDITO
101,0,MULTAS PREVISTAS NA LEGISLACAO SOBRE REGIME DE PREVIDENCIA PRIVADA COMPLEMENTAR
102,1,MULTA POR DESCUMPRIMENTO DE OBRIGACAO PREVIDENCIARIA ACESSORIA
103,0,AMORTIZACAO DE FINANCIAMENTOS
104,0,INDENIZACOES
105,1,INDENIZACAO POR SINISTRO
106,0,OUTRAS INDENIZACOES
107,0,RESTITUICOES
108,0,RESTITUICAO DE BENEFICIOS PREVIDENCIARIOS
109,0,IMPOSTO SOBRE PRODUTOS INDUSTRIALIZADOS - IPI
110,1,TAXA DE FISCALIZACAO DE INSTALACAO - TFI
111,2,TAXA DE FISCALIZACAO DE FUNCIONAMENTO - TFF
112,1,IMPOSTO SOBRE A PROPRIEDADE PREDIAL E TERRITORIAL URBANA
113,1,IMPOSTO SOBRE OPERACOES RELATIVAS A CIRCULACAO DE MERCADORIAS E SOBRE PRESTACOES DE SERVICOS DE TRANSPORTE INTERESTADUAL E INTERMUNICIPAL E DE COMUNIC
114,2,ADICIONAL ICMS - FUNDO ESTADUAL DE COMBATE A POBREZA
115,1,IMPOSTO SOBRE A PROPRIEDADE TERRITORIAL RURAL - MUNICIPIOS CONVENIADOS
116,0,IMPOSTO SOBRE A RENDA DE PESSOA JURIDICA - IRPJ - LIQUIDA DE INCENTIVOS
117,1,IMPOSTO SOBRE A RENDA - RETIDO NA FONTE - TRABALHO
118,1,DEMAIS RECEITAS DE CAPITAL
119,0,RECEITA INTRAORCAMENTARIA - CONTRIBUICOES SOCIAIS
120,0,RECEITA INTRAORCAMENTARIA - OUTRAS RECEITAS
121,0,SEM DESCRICAO
122,2,DEDUCAO DAS RECEITAS - IMPOSTO SOBRE A PROPRIEDADE DE VEICULOS AUTOMOTORES - DIVIDA ATIVA - COTA PARTE DO ESTADO PARA O FUNDEB
123,2,DEDUCAO DAS RECEITAS - IMPOSTO SOBRE A PROPRIEDADE DE VEICULOS AUTOMOTORES - DIVIDA ATIVA - MULTAS E JUROS
124,0,"DEDUCAO DAS RECEITAS - IMPOSTOS SOBRE A PRODUCAO, CIRCULACAO DE MERCADORIAS E SERVICOS"
125,0,RECEITA INTRAORCAMENTARIA - SERVICOS DE ATENDIMENTO A SAUDE
126,0,"TRANSFERENCIAS DE OUTRAS INSTITUICOES PUBLICAS - ESPECIFICAS DE ESTADOS, DF E MUNICIPIOS"
127,0,TRANSFERENCIAS PROVENIENTES DE DEPOSITO NAO IDENTIFICADOS - ESPECIFICA E/DF/M
128,0,INTEGRALIZACAO DE CAPITAL SOCIAL
129,0,REMUNERACAO DAS DISPONIBILIDADES DO TESOURO
130,1,REMUNERACAO DAS DISPONIBILIDADES DO TESOURO
131,1,DEDUCAO DAS RECEITAS - MULTAS PREVISTAS EM LEGISLACAO ESPECIFICA - DIVIDA ATIVA - MULTA ISOLADA POR INFRACAO A OBRIGACAO ACESSORIA
132,0,DEDUCAO DAS RECEITAS - PARTICIPACAO NA RECEITA DA UNIAO
133,1,DEDUCAO DAS RECEITAS - COTA-PARTE DO FUNDO DE PARTICIPACAO DOS ESTADOS E DO DISTRITO FEDERAL - PRINCIPAL - FUNDEB
134,0,DELEGACAO PARA A PRESTACAO DOS SERVICOS DE TRANSPORTE AQUAVIARIO
135,1,DELEGACAO PARA EXPLORACAO DA INFRAESTRUTURA DE TRANSPORTE FERROVIARIO
136,4,CONTRIBUICAO DOS PENSIONISTAS MILITARES
137,1,DEMAIS DELEGACOES DE SERVICOS PUBLICOS
138,0,CONTRIBUICAO PARA O DESENVOLVIMENTO DA INDUSTRIA CINEMATOGRAFICA NACIONAL - CONDECINE
139,0,COTA-PARTE DO ADICIONAL AO FRETE PARA A RENOVACAO DA MARINHA MERCANTE - AFRMM
140,0,OUTRAS DELEGACOES DE SERVICOS PUBLICOS
141,2,PAGAMENTO PELA RETENCAO DE AREA PARA EXPLORACAO OU PRODUCAO
142,2,ROYALTIES MINIMOS PELA PRODUCAO DE PETROLEO EM PLATAFORMA - CONTRATO DE CONCESSAO - DECLARACAO DE COMERCIALIDADE ANTES DE 3/12/2012 - AREA E CAMADA PR
143,3,ROYALTIES MINIMOS PELA PRODUCAO DE PETROLEO EM PLATAFORMA - CONTRATO DE CONCESSAO - DECLARACAO DE COMERCIALIDADE ANTES DE 3/12/2012 - DEMAIS SITUACOES
144,1,ROYALTIES EXCEDENTES PELA PRODUCAO DE PETROLEO EM TERRA (QUALQUER SITUACAO) - CONTRATO DE CONCESSAO
145,9,CONTRIBUICAO PARA FUNDOS DE ASSISTENCIA MEDICA DE OUTROS BENEFICIARIOS
146,0,OUTRAS CONTRIBUICOES ECONOMICAS
147,1,CONTRIBUICOES PARA ENTIDADES PRIVADAS DE SERVICO SOCIAL E DE FORMACAO PROFISSIONAL
148,0,OUTORGA DOS SERVICOS DE EXPLORACAO E PRODUCAO DE PETROLEO E GAS NATURAL - REGIME DE PARTILHA DE PRODUCAO
149,1,BONUS DE ASSINATURA DE CONTRATO DE PARTILHA DE PRODUCAO
150,0,ROYALTIES PELA PRODUCAO DE PETROLEO - PARTILHA DE PRODUCAO - DECLARACAO DE COMERCIALIDADE A PARTIR DE 3/12/2012
151,0,"ALUGUEIS, ARRENDAMENTOS, FOROS, LAUDEMIOS, TARIFAS DE OCUPACAO"
152,0,COMPENSACAO FINANCEIRA PELA EXPLORACAO DE RECURSOS MINERAIS
153,0,CONTRIBUICAO SOCIAL DO SALARIO-EDUCACAO
154,0,CONTRIBUICAO INDUSTRIAL RURAL
155,0,CONTRIBUICAO PARA O DESENVOLVIMENTO DO ENSINO PROFISSIONAL MARITIMO
156,0,OUTRAS RECEITAS IMOBILIARIAS
157,2,OUTRAS CONCESSOES FLORESTAIS - DEMAIS VALORES
158,0,JUROS E CORRECOES MONETARIAS
159,1,COMPENSACOES AMBIENTAIS
160,1,OUTRAS CONTRIBUICOES DE MELHORIA
161,0,CONTRIBUICOES
162,0,EXPLORACAO DO PATRIMONIO INTANGIVEL
163,0,DIREITO DE USO DA IMAGEM E DE REPRODUCAO DOS BENS DO ACERVO PATRIMONIAL
164,0,CESSAO DO DIREITO DE OPERACIONALIZACAO DE PAGAMENTOS
165,1,TRANSFERENCIAS DE RECURSOS DESTINADOS A PROGRAMAS DE EDUCACAO
166,0,TRANSFERENCIAS ADVINDAS DE EMENDAS PARLAMENTARES INDIVIDUAIS
167,0,TRANSFERENCIA DE CONVENIOS DA UNIAO E DE SUAS ENTIDADES
168,9,OUTRAS TRANSFERENCIAS DOS ESTADOS
169,0,TRANSFERENCIAS DE ESTADOS A CONSORCIOS PUBLICOS
170,1,RESSARCIMENTO POR OPERADORAS DE SEGUROS PRIVADOS DE ASSISTENCIA A SAUDE
171,1,SERVICOS DE ASSISTENCIA A SAUDE SUPLEMENTAR DO SERVIDOR CIVIL
172,1,"RETORNO DE OPERACOES, JUROS E ENCARGOS FINANCEIROS"
173,1,"BENS, DIREITOS E VALORES PERDIDOS EM FAVOR DO PODER PUBLICO"
174,1,OUTROS SERVICOS
175,0,TRANSFERENCIAS DE CONVENIOS DOS ESTADOS E DO DISTRITO FEDERAL E DE SUAS ENTIDADES
176,0,TRANSFERENCIAS DA UNIAO E DE SUAS ENTIDADES
177,2,COTA-PARTE DO FUNDO DE PARTICIPACAO DOS MUNICIPIOS - COTA MENSAL
178,0,CONTRIBUICAO AO MONTEPIO CIVIL
179,0,PRESTACAO DE CONTAS ELEITORAIS
180,1,PRESTACAO DE CONTAS ELEITORAIS
181,0,ENCARGOS LEGAIS PELA INSCRICAO EM DIVIDA ATIVA E RECEITAS DE ONUS DE SUCUMBENCIA
182,1,TRANSFERENCIAS DE CONVENIOS DOS MUNICIPIOS DESTINADOS A PROGRAMAS DE SAUDE
183,2,TRANSFERENCIAS DIRETAS DO FNDE REFERENTES AO PROGRAMA DINHEIRO DIRETO NA ESCOLA - PDDE
184,1,OUTRAS TRANSFERENCIAS MULTIGOVERNAMENTAIS
185,0,OPERACOES DE CREDITO - MERCADO INTERNO - ESTADOS/DF/MUNICIPIOS
186,6,OPERACOES DE CREDITO INTERNAS PARA REFINANCIAMENTO DA DIVIDA CONTRATUAL
187,3,OPERACOES DE CREDITO EXTERNAS PARA PROGRAMAS DE SANEAMENTO
188,4,OPERACOES DE CREDITO EXTERNAS PARA PROGRAMAS DE MEIO AMBIENTE
189,1,"SERVICOS DE REGISTRO, CERTIFICACAO E FISCALIZACAO"
190,0,MULTAS PREVISTAS NA LEI GERAL DAS TELECOMUNICACOES
191,1,ALIENACAO DE BENS MOVEIS E SEMOVENTES
192,2,MULTAS JUDICIAIS POR DANOS AMBIENTAIS
193,0,AMORTIZACAO PROVENIENTE DA EXECUCAO DE GARANTIA - OPERACOES DE CREDITO
194,1,AMORTIZACAO DE EMPRESTIMOS - REFINANCIAMENTO DE DIVIDAS DE MEDIO E LONGO PRAZO
195,1,SERVICOS DE INFORMACAO E TECNOLOGIA
196,0,MULTAS DECORRENTES DE SENTENCAS JUDICIAIS
197,0,MULTAS E JUROS PREVISTOS EM CONTRATOS
198,0,AMORTIZACAO DE FINANCIAMENTO DO FUNDO DE FINANCIAMENTO AO ESTUDANTE DO ENSINO SUPERIOR - FIES
199,3,COTA-PARTE DO IPI - MUNICIPIOS
200,0,"INDENIZACOES, RESTITUICOES E RESSARCIMENTOS"
201,0,INDENIZACOES POR DANOS CAUSADOS AO PATRIMONIO PUBLICO
202,0,INDENIZACAO POR POSSE OU OCUPACAO ILICITA DE BENS PUBLICOS
203,0,INDENIZACAO POR SINISTRO
204,1,RESTITUICAO DE CONVENIOS - PRIMARIAS
205,1,TAXAS PELA PRESTACAO DE SERVICOS
206,2,IMPOSTO SOBRE PRODUTOS INDUSTRIALIZADOS - IPI- BEBIDAS
207,3,IMPOSTO SOBRE PRODUTOS INDUSTRIALIZADOS - IPI - AUTOMOVEIS
208,2,IMPOSTO SOBRE OPERACOES FINANCEIRAS - IOF - DEMAIS OPERACOES
209,2,IMPOSTO SOBRE A PROPRIEDADE DE VEICULOS AUTOMOTORES
210,3,IMPOSTO SOBRE SERVICOS DE QUALQUER NATUREZA
211,0,IMPOSTOS
212,0,IMPOSTO SOBRE A PROPRIEDADE TERRITORIAL RURAL
213,0,DEMAIS RECEITAS DE CAPITAL ESPECIFICAS DE E/DF/M
214,1,RECEITA INTRAORCAMENTARIA - CONTRIBUICAO PATRONAL DE SERVIDOR ATIVO CIVIL PARA O RPPS
215,2,DEDUCAO DAS RECEITAS - IMPOSTO SOBRE A PROPRIEDADE DE VEICULOS AUTOMOTORES
216,3,"DEDUCAO DAS RECEITAS - IMPOSTO SOBRE TRANSMISSAO ""CAUSA MORTIS"" E DOACAO DE BENS E DIREITOS - PRINCIPAL - COTA PARTE DO ESTADO PARA O FUNDEB"
217,3,"DEDUCAO DAS RECEITAS - IMPOSTO SOBRE TRANSMISSAO ""CAUSA MORTIS"" E DOACAO DE BENS E DIREITOS - MULTAS E JUROS"
218,0,"RECEITA INTRAORCAMENTARIA - ALUGUEIS, ARRENDAMENTOS, FOROS, LAUDEMIOS, TARIFAS DE OCUPACAO"
219,0,RECEITA INTRAORCAMENTARIA - COMPENSACOES AMBIENTAIS
220,0,RECEITA INTRAORCAMENTARIA - SERVICOS ADMINISTRATIVOS E COMERCIAIS GERAIS
221,1,RECEITA INTRAORCAMENTARIA - OUTROS SERVICOS
222,0,RECEITA INTRAORCAMENTARIA - TRANSFERENCIAS DOS ESTADOS - ESPECIFICA E/M
223,0,RECEITA INTRAORCAMENTARIA - PARTICIPACAO NA RECEITA DOS ESTADOS
224,0,"RECEITA INTRAORCAMENTARIA - INDENIZACOES, RESTITUICOES E RESSARCIMENTOS"
225,1,TRANSFERENCIAS DE INSTITUICOES PRIVADAS
226,0,"TRANSFERENCIAS DE INSTITUICOES PRIVADAS - ESPECIFICAS DE ESTADOS, DF E MUNICIPIOS"
227,0,TRANSFERENCIAS DE CONVENIOS DE INSTITUICOES PRIVADAS
228,1,TRANSFERENCIAS PROVENIENTES DE DEPOSITO NAO IDENTIFICADOS - ESPECIFICA E/M
229,0,SEM INFORMACAO
230,1,TRANSFERENCIA DE RECURSOS DO FUNDO PENITENCIARIO NACIONAL - FUPEN
231,1,TRANSFERENCIAS DE CONVENIO DA UNIAO PARA O SISTEMA UNICO DE SAUDE - SUS
232,4,DEDUCAO DAS RECEITAS - REMUNERACAO DOS RECURSOS DO REGIME PROPRIO DE PREVIDENCIA SOCIAL - RPPS - PRINCIPAL - RENDA FIXA
233,0,DEDUCAO DAS RECEITAS - TRANSFERENCIAS DA UNIAO - ESPECIFICA E/M
234,0,DELEGACAO PARA EXPLORACAO DA INFRAESTRUTURA DE TRANSPORTE RODOVIARIO
235,0,"CONTRIBUICOES SOCIAIS ESPECIFICAS DE ESTADOS, DF E MUNICIPIOS"
236,1,CONTRIBUICAO PREVIDENCIARIA PARA AMORTIZACAO DO DEFICIT ATUARIAL
237,2,DELEGACAO DOS SERVICOS DE TELECOMUNICACAO - ATIVIDADE ORDENADORA NO REGIME PRIVADO
238,4,CONTRIBUICAO DO PENSIONISTA PARA O RPPS
239,0,CONTRIBUICOES PARA O PROGRAMA DE INTEGRACAO NACIONAL - PIN E PARA O PROGRAMA DE REDISTRIBUICAO DE TERRAS E DE ESTIMULO A AGROINDUSTRIA DO NORTE E DO N
240,6,TRANSFERENCIA DA DELEGACAO DOS SERVICOS DE TELECOMUNICACOES OU DO DIREITO DE USO DE RADIOFREQUENCIA
241,7,CONTRIBUICAO DO SERVIDOR INATIVO AO RPPS ORIUNDA DE SENTENCAS JUDICIAIS
242,0,"CONTRIBUICAO RELATIVA AS ATIVIDADES DE IMPORTACAO E COMERCIALIZACAO DE PETROLEO E SEUS DERIVADOS, GAS NATURAL E ALCOOL CARBURANTE - CIDE COMBUSTIVEIS"
243,0,ROYALTIES EXCEDENTES PELA PRODUCAO DE PETROLEO - CONTRATO DE CONCESSAO
244,0,CONTRIBUICAO PARA O CUSTEIO DAS PENSOES MILITARES
245,1,CONTRIBUICAO PARA O CUSTEIO DAS PENSOES MILITARES
246,0,CONTRIBUICAO SOBRE A RECEITA DAS EMPRESAS PRESTADORAS DE SERVICOS DE TELECOMUNICACOES
247,1,OUTRAS CONTRIBUICOES ECONOMICAS
248,0,CONTRIBUICOES ECONOMICAS ESPECIFICAS DE ESTADOS E MUNICIPIOS
249,0,ROYALTIES EXCEDENTES PELA PRODUCAO DE PETROLEO - CESSAO ONEROSA - DECLARACAO DE COMERCIALIDADE A PARTIR DE 3/12/2012
250,1,ROYALTIES EXCEDENTES PELA PRODUCAO DE PETROLEO EM TERRA - CESSAO ONEROSA - DECLARACAO DE COMERCIALIDADE A PARTIR DE 3/12/2012
251,0,EXPLORACAO DE RECURSOS MINERAIS
252,0,RECEITA PATRIMONIAL
253,0,EXPLORACAO DE RECURSOS HIDRICOS
254,1,OUTORGA DE DIREITOS DE USO DE RECURSOS HIDRICOS
255,1,COTA-PARTE DA CONTRIBUICAO SINDICAL
256,1,CONTRIBUICAO INDUSTRIAL RURAL
257,1,CONTRIBUICAO PARA O DESENVOLVIMENTO DO ENSINO PROFISSIONAL MARITIMO
258,1,OUTRAS RECEITAS IMOBILIARIAS
259,0,VALORES MOBILIARIOS
260,0,DEMAIS RECEITAS DE CONCESSAO FLORESTAL
261,3,SUPRESSAO VEGETAL NO INTERIOR DAS FLORESTAS NACIONAIS
262,1,CONTRIBUICAO DE MELHORIA
263,1,CONTRIBUICAO DE MELHORIA PARA EXPANSAO DA REDE DE AGUA POTAVEL E ESGOTO SANITARIO
264,0,PARTICIPACOES
265,1,CONTRIBUICOES PARA O REGIME GERAL DE PREVIDENCIA SOCIAL - RGPS
266,0,CONTRIBUICAO PARA O REGIME PROPRIO DE PREVIDENCIA SOCIAL - RPPS
267,2,ADICIONAL SOBRE TARIFA AEROPORTUARIA
268,3,"COTA-PARTE ROYALTIES - COMPENSACAO FINANCEIRA PELA PRODUCAO DO PETROLEO - LEI NO 7.990/89, ARTIGO 9O"
269,9,OUTRAS TRANSFERENCIAS DECORRENTES DE COMPENSACOES FINANCEIRAS
270,0,RESTITUICAO DE DESPESAS DE EXERCICIOS ANTERIORES
271,1,RESTITUICAO DE PARCELAS DO SEGURO DESEMPREGO RECEBIDAS INDEVIDAMENTE
272,0,RESTITUICAO DE GARANTIAS PRESTADAS
273,0,SERVICOS DE ATENDIMENTO A SAUDE
274,0,REVERSAO DE GARANTIAS
275,1,REVERSAO DE GARANTIAS
276,1,OUTRAS TRANSFERENCIAS DOS ESTADOS
277,1,TRANSFERENCIAS DE CONVENIO DOS MUNICIPIOS PARA O SISTEMA UNICO DE SAUDE - SUS
278,1,OUTROS RESSARCIMENTOS
279,0,"CONCESSAO DE AVAIS, GARANTIAS E SEGUROS"
280,0,DEMAIS RECEITAS CORRENTES
281,2,TRANSFERENCIAS DE CONVENIOS DOS ESTADOS DESTINADAS A PROGRAMAS DE EDUCACAO
282,1,TRANSFERENCIAS DA UNIAO E DE SUAS ENTIDADES
283,4,COTA-PARTE DO FUNDO DE PARTICIPACAO DOS MUNICIPIOS - 1% COTA ENTREGUE NO MES DE JULHO
284,6,COTA-PARTE DO IMPOSTO SOBRE PRODUTOS INDUSTRIALIZADOS - ESTADOS EXPORTADORES DE PRODUTOS INDUSTRIALIZADOS
285,1,TRANSFERENCIAS DE RECURSOS DO FUNDO DE MANUTENCAO E DESENVOLVIMENTO DA EDUCACAO BASICA E DE VALORIZACAO DOS PROFISSIONAIS DA EDUCACAO - FUNDEB
286,0,TRANSFERENCIAS DOS ESTADOS E DISTRITO FEDERAL A CONSORCIOS PUBLICOS
287,4,"COTA-PARTE ROYALTIES PELO EXCEDENTE DA PRODUCAO DO PETROLEO - LEI NO 9.478/97, ARTIGO 49, I E II"
288,1,TRANSFERENCIAS DE RECURSOS DO FUNDO NACIONAL DE ASSISTENCIA SOCIAL - FNAS
289,3,OPERACOES DE CREDITO INTERNAS PARA PROGRAMAS DE SANEAMENTO
290,4,OPERACOES DE CREDITO INTERNAS PARA PROGRAMAS DE MEIO AMBIENTE
291,0,OPERACOES DE CREDITO CONTRATUAIS - MERCADO EXTERNO
292,1,TRANSFERENCIA FINANCEIRA DO ICMS - DESONERACAO - L.C. NO 87/96
293,1,TRANSFERENCIAS DA UNIAO A CONSORCIOS PUBLICOS
294,0,TRANSFERENCIAS DE CONVENIOS DA UNIAO E DE SUAS ENTIDADES
295,5,OPERACOES DE CREDITO EXTERNAS PARA PROGRAMAS DE MODERNIZACAO DA ADMINISTRACAO PUBLICA
296,0,ALIENACAO DE BENS
297,0,ALIENACAO DE ESTOQUES COMERCIAIS DESTINADOS A PROGRAMAS SOCIAIS
298,0,ALIENACAO DE ESTOQUES DE CAFE - FUNCAFE
299,1,MULTAS PREVISTAS EM LEI POR INFRACOES NO SETOR DE ENERGIA ELETRICA
300,2,"ALIENACAO DE BENS IMOVEIS, PROGRAMA DE ADMINISTRACAO IMOBILIARIA DA UNIAO"
301,0,ALIENACAO DE BENS INTANGIVEIS
302,0,AMORTIZACAO DE EMPRESTIMOS - BEA/BIB
303,0,TRANSFERENCIAS DE CAPITAL
304,0,SERVICOS DE NAVEGACAO
305,1,INDENIZACAO POR POSSE OU OCUPACAO ILICITA DE BENS PUBLICOS
306,1,OUTRAS INDENIZACOES
307,0,"IMPOSTOS SOBRE A PRODUCAO, CIRCULACAO DE MERCADORIAS E SERVICOS"
308,1,TAXA DE CONTROLE E FISCALIZACAO AMBIENTAL
309,0,TAXAS PELA PRESTACAO DE SERVICOS
310,0,IMPOSTO SOBRE OPERACOES FINANCEIRAS - IOF
311,0,IMPOSTOS SOBRE O PATRIMONIO
312,0,RECEITAS CORRENTES
313,0,RECEITA INTRAORCAMENTARIA
314,0,RECEITA INTRAORCAMENTARIA - APORTES PERIODICOS PARA AMORTIZACAO DE DEFICIT ATUARIAL DO RPPS
522,0,RECEITA INTRAORCAMENTARIA - EXPLORACAO DE OUTROS RECURSOS NATURAIS
523,1,RECEITA INTRAORCAMENTARIA - DEMAIS RECEITAS PATRIMONIAIS
524,0,RECEITA INTRAORCAMENTARIA - RECEITA AGROPECUARIA
525,0,RECEITA INTRAORCAMENTARIA - SERVICOS E ATIVIDADES REFERENTES A SAUDE
526,0,TRANSFERENCIAS DE OUTRAS INSTITUICOES PUBLICAS
527,0,"TRANSFERENCIAS DE PESSOAS FISICAS - ESPECIFICAS DE ESTADOS, DF E MUNICIPIOS"
528,0,TRANSFERENCIAS PROVENIENTES DE DEPOSITO NAO IDENTIFICADOS - ESPECIFICA E/M
529,1,INTEGRALIZACAO DE CAPITAL SOCIAL
530,0,RESULTADO DO BANCO CENTRAL
531,1,DEDUCAO DAS RECEITAS - MULTAS PREVISTAS EM LEGISLACAO ESPECIFICA - PRINCIPAL
532,0,RECEITA INTRAORCAMENTARIA - CONTRIBUICAO
533,5,CONTRIBUICAO PATRONAL DO MILITAR INATIVO
534,1,DEDUCAO DAS RECEITAS - OUTROS VALORES MOBILIARIOS - PRINCIPAL - TITULOS DE RESPONSABILIDADE DO GOVERNO FEDERAL
535,6,DEDUCAO DAS RECEITAS - COTA-PARTE DO IMPOSTO SOBRE PRODUTOS INDUSTRIALIZADOS - ESTADOS EXPORTADORES DE PRODUTOS INDUSTRIALIZADOS
536,0,RECEITA AGROPECUARIA
537,2,CONTRIBUICAO DO SERVIDOR ATIVO CIVIL PARA O RPPS
538,1,DELEGACAO PARA A PRESTACAO DOS SERVICOS DE TRANSPORTE FERROVIARIO
539,1,DELEGACAO PARA EXPLORACAO DA INFRAESTRUTURA DE TRANSPORTE RODOVIARIO PARA O SETOR PRIVADO
540,3,CONTRIBUICAO PATRONAL DOS PENSIONISTAS CIVIS
541,2,CONTRIBUICAO DO MILITAR ATIVO
542,3,CONTRIBUICAO DO MILITAR INATIVO
543,1,CONTRIBUICAO SOBRE AS RECEITAS DE CONCESSIONARIAS E PERMISSIONARIAS DE ENERGIA ELETRICA
544,4,ROYALTIES MINIMOS PELA PRODUCAO DE PETROLEO EM PLATAFORMA - CONTRATO DE CONCESSAO - DECLARACAO DE COMERCIALIDADE A PARTIR DE 3/12/2012 - QUALQUER SITU
545,3,CONTRIBUICAO PARA FUNDOS DE ASSISTENCIA MEDICA DOS SERVIDORES CIVIS
546,4,PARTICIPACAO ESPECIAL PELA PRODUCAO DE PETROLEO EM PLATAFORMA - CONTRATO DE CONCESSAO - DECLARACAO DE COMERCIALIDADE A PARTIR DE 3/12/2012 - QUALQUER
547,1,CONTRIBUICAO ECONOMICA DESTINADA AO FETHAB
548,0,CONTRIBUICOES PARA ENTIDADES PRIVADAS DE SERVICO SOCIAL E DE FORMACAO PROFISSIONAL
549,1,ROYALTIES PELA PRODUCAO DE PETROLEO EM TERRA - PARTILHA DE PRODUCAO - DECLARACAO DE COMERCIALIDADE A PARTIR DE 3/12/2012
550,6,CONTRIBUICAO SOBRE CONCURSOS DE PROGNOSTICO - MODALIDADE FUTEBOL
551,0,CONTRIBUICAO SOBRE SORTEIOS REALIZADOS POR ENTIDADES FILANTROPICAS
552,1,CONTRIBUICAO PARA OS PROGRAMAS DE INTEGRACAO SOCIAL E DE FORMACAO DO PATRIMONIO DO SERVIDOR PUBLICO - PIS E PASEP
553,1,ALUGUEIS E ARRENDAMENTOS
554,1,COMPENSACAO FINANCEIRA PELA EXPLORACAO DE RECURSOS MINERAIS
555,0,CONCESSAO DE USO DO POTENCIAL DE ENERGIA HIDRAULICA
556,1,CONCESSAO DE USO DO POTENCIAL DE ENERGIA HIDRAULICA
557,0,CONTRIBUICOES REFERENTES AO FUNDO DE GARANTIA DO TEMPO DE SERVICO - FGTS
558,0,"CONCESSAO, PERMISSAO, AUTORIZACAO OU CESSAO DO DIREITO DE USO DE BENS IMOVEIS PUBLICOS"
559,1,"CONCESSAO, PERMISSAO, AUTORIZACAO OU CESSAO DO DIREITO DE USO DE BENS IMOVEIS PUBLICOS"
560,2,CONCESSAO DE FLORESTAS NACIONAIS - DEMAIS VALORES
561,0,CONTRIBUICAO SOBRE A ARRECADACAO DOS FUNDOS DE INVESTIMENTOS REGIONAIS
562,1,ADICIONAL A CONTRIBUICAO PREVIDENCIARIA RURAL
563,1,OUTRAS CONCESSOES FLORESTAIS - VALOR MINIMO
564,0,CONTRIBUICAO DE MELHORIA
565,4,REMUNERACAO DOS RECURSOS DO REGIME PROPRIO DE PREVIDENCIA SOCIAL - RPPS
566,0,EXPLORACAO DE OUTROS RECURSOS NATURAIS
567,0,OUTROS VALORES MOBILIARIOS
568,0,CONTRIBUICOES PARA O REGIME GERAL DE PREVIDENCIA SOCIAL - RGPS
569,1,DELEGACAO PARA A PRESTACAO DOS SERVICOS DE TRANSPORTE RODOVIARIO
570,0,SERVICOS PORTUARIOS
571,2,COTA-PARTE DA COMPENSACAO FINANCEIRA DE RECURSOS MINERAIS - CFEM
572,1,TRANSFERENCIA DE RECURSOS DO ESTADO PARA PROGRAMAS DE SAUDE - REPASSE FUNDO A FUNDO
573,0,TRANSFERENCIA DE CONVENIOS DOS ESTADOS E DO DISTRITO FEDERAL E DE SUAS ENTIDADES
574,0,OUTRAS RESTITUICOES
575,0,RESSARCIMENTO POR OPERADORAS DE SEGUROS PRIVADOS DE ASSISTENCIA A SAUDE
576,2,SERVICOS DE ASSISTENCIA MEDICO-HOSPITALAR DO MILITAR
577,0,TRANSFERENCIAS DE MUNICIPIOS A CONSORCIOS PUBLICOS
578,1,ALIENACAO DE BENS E MERCADORIAS APREENDIDOS
579,0,REMUNERACAO SOBRE REPASSE PARA PROGRAMAS DE DESENVOLVIMENTO ECONOMICO
580,1,REMUNERACAO SOBRE REPASSE PARA PROGRAMAS DE DESENVOLVIMENTO ECONOMICO
581,0,TRANSFERENCIAS CORRENTES
582,0,TRANSFERENCIA DE CONVENIOS DE INSTITUICOES PRIVADAS
583,1,APORTES PERIODICOS PARA COMPENSACOES AO RGPS
584,0,CONTRAPARTIDA DE SUBVENCOES OU SUBSIDIOS
585,1,PREMIO DO SEGURO OBRIGATORIO DE DANOS PESSOAIS CAUSADOS POR VEICULOS AUTOMOTORES DE VIA TERRESTRE - DPVAT
586,0,OUTRAS RECEITAS
587,0,TRANSFERENCIAS DOS ESTADOS E DO DISTRITO FEDERAL E DE SUAS ENTIDADES
588,1,TRANSFERENCIAS DOS ESTADOS E DO DISTRITO FEDERAL E DE SUAS ENTIDADES
589,3,COTA-PARTE ROYALTIES - COMPENSACAO FINANCEIRA PELA PRODUCAO DE PETROLEO - LEI NO 7.990/89
590,0,TRANSFERENCIA DE RECURSOS DO SISTEMA UNICO DE SAUDE - SUS - REPASSES FUNDO A FUNDO
591,1,OPERACOES DE CREDITO CONTRATUAIS - MERCADO INTERNO
592,0,EMPRESTIMOS COMPULSORIOS
593,0,TRANSFERENCIA DE CONVENIOS DO EXTERIOR
594,9,OUTRAS TRANSFERENCIAS DIRETAS DO FUNDO NACIONAL DO DESENVOLVIMENTO DA EDUCACAO - FNDE
595,0,OPERACOES DE CREDITO - MERCADO EXTERNO
596,1,TITULOS DE RESPONSABILIDADE DO TESOURO NACIONAL - MERCADO EXTERNO
597,1,OPERACOES DE CREDITO CONTRATUAIS - MERCADO EXTERNO
598,0,MULTAS PREVISTAS EM LEI POR INFRACOES NO SETOR DE ENERGIA ELETRICA
599,1,AMORTIZACAO DE EMPRESTIMOS - BEA/BIB
600,1,MULTAS PREVISTAS NA LEGISLACAO SOBRE REGIME DE PREVIDENCIA PRIVADA COMPLEMENTAR
601,0,MULTA POR DESCUMPRIMENTO DE OBRIGACAO PREVIDENCIARIA ACESSORIA
602,0,AMORTIZACAO DE EMPRESTIMOS CONTRATUAIS
603,0,SERVICOS E ATIVIDADES REFERENTES A NAVEGACAO E AO TRANSPORTE
604,1,SERVICOS DE NAVEGACAO
605,0,SERVICOS DE TRANSPORTE
606,9,OUTRAS TRANSFERENCIAS DE CONVENIOS DA UNIAO
607,1,OUTRAS RESTITUICOES
608,0,TAXAS DE FISCALIZACAO DAS TELECOMUNICACOES
609,5,IMPOSTO SOBRE PRODUTOS INDUSTRIALIZADOS - IPI - OUTROS PRODUTOS
610,4,ADICIONAL ISS - FUNDO MUNICIPAL DE COMBATE A POBREZA
611,0,TAXAS PELO EXERCICIO DO PODER DE POLICIA
612,0,IMPOSTO SOBRE A IMPORTACAO
613,0,IMPOSTO SOBRE A EXPORTACAO
614,0,"RECEITA INTRAORCAMENTARIA - IMPOSTOS, TAXAS E CONTRIBUICOES DE MELHORIA"
615,0,RECEITA INTRAORCAMENTARIA - CONTRIBUICAO PARA O REGIME PROPRIO DE PREVIDENCIA SOCIAL - RPPS
616,0,RECEITA INTRAORCAMENTARIA - OUTRAS RESTITUICOES
617,0,RECEITA INTRAORCAMENTARIA - OUTROS RESSARCIMENTOS
618,1,RECEITA INTRAORCAMENTARIA - OUTROS RESSARCIMENTOS
619,2,DEDUCAO DAS RECEITAS - IMPOSTO SOBRE A PROPRIEDADE DE VEICULOS AUTOMOTORES - DIVIDA ATIVA - MULTAS E JUROS - COTA PARTE DO ESTADO PARA O FUNDEB
620,3,"DEDUCAO DAS RECEITAS - IMPOSTO SOBRE TRANSMISSAO ""CAUSA MORTIS"" E DOACAO DE BENS E DIREITOS"
621,3,"DEDUCAO DAS RECEITAS - IMPOSTO SOBRE TRANSMISSAO ""CAUSA MORTIS"" E DOACAO DE BENS E DIREITOS - DIVIDA ATIVA"
622,1,DEDUCAO DAS RECEITAS - IMPOSTO SOBRE OPERACOES RELATIVAS A CIRCULACAO DE MERCADORIAS E SOBRE PRESTACOES DE SERVICOS DE TRANSPORTE INTERESTADUAL E INTE
623,0,"RECEITA INTRAORCAMENTARIA - CONTRIBUICAO PARA PREVIDENCIA MILITAR DE ESTADOS, DF E MUNICIPIOS"
624,5,RECEITA INTRAORCAMENTARIA - CONTRIBUICAO PATRONAL DO MILITAR INATIVO
625,0,RECEITA INTRAORCAMENTARIA - EXPLORACAO DO PATRIMONIO IMOBILIARIO DO ESTADO
626,0,RECEITA INTRAORCAMENTARIA - EXPLORACAO DE RECURSOS NATURAIS
627,0,RECEITA INTRAORCAMENTARIA - TRANSFERENCIAS CORRENTES
628,9,RECEITA INTRAORCAMENTARIA - OUTRAS TRANSFERENCIAS DOS ESTADOS
629,1,TRANSFERENCIAS DE CONVENIOS DE INSTITUICOES PRIVADAS
630,1,DEDUCAO DAS RECEITAS - MULTAS PREVISTAS EM LEGISLACAO ESPECIFICA - PRINCIPAL - MULTA ISOLADA POR INFRACAO A OBRIGACAO ACESSORIA - CESSAO DE DIREITOS C
631,1,OUTRAS OPERACOES DE CREDITO - MERCADO INTERNO
632,3,TRANSFERENCIAS DE CONVENI
633,0,DEDUCAO DAS RECEITAS - TRANSFERENCIA FINANCEIRA DO ICMS - DESONERACAO - L.C. NO 87/96
634,2,"DELEGACAO PARA EXPLORACAO DA INFRAESTRUTURA DE TRANSPORTE RODOVIARIO PARA OS ESTADOS, DISTRITO FEDERAL E MUNICIPIOS"
635,3,CONTRIBUICAO DO SERVIDOR INATIVO PARA O RPPS
636,1,DELEGACAO PARA EXPLORACAO DA INFRAESTRUTURA DE TRANSPORTE AQUAVIARIO
637,1,DELEGACAO DOS SERVICOS DE TELECOMUNICACAO - PODER CONCEDENTE NO REGIME PUBLICO
638,0,RECEITA DE SERVICOS
639,1,SERVICOS ADMINISTRATIVOS E COMERCIAIS GERAIS
640,0,"CONTRIBUICAO PARA PREVIDENCIA MILITAR DE ESTADOS, DF E MUNICIPIOS"
641,3,DELEGACAO DOS SERVICOS DE RADIODIFUSAO SONORA E DE SONS E IMAGENS
642,1,CONTRIBUICAO SOBRE APOSTAS EM COMPETICOES HIPICAS
643,1,COTA-PARTE DO ADICIONAL AO FRETE PARA A RENOVACAO DA MARINHA MERCANTE - AFRMM
644,0,EXPLORACAO DE RECURSOS NATURAIS
645,5,CONTRIBUICAO PATRONAL PARA O RPPS ORIUNDA DE SENTENCAS JUDICIAIS
646,1,CONTRIBUICAO DE INTERVENCAO NO DOMINIO ECONOMICO - CIDE-COMBUSTIVEIS - IMPORTACAO
647,4,ROYALTIES EXCEDENTES PELA PRODUCAO DE PETROLEO EM PLATAFORMA - CONTRATO DE CONCESSAO - DECLARACAO DE COMERCIALIDADE A PARTIR DE 3/12/2012 - QUALQUER S
648,0,CONTRIBUICAO PARA OS FUNDOS DE ASSISTENCIA MEDICA
649,1,PARTICIPACAO ESPECIAL PELA PRODUCAO DE PETROLEO EM TERRA (QUALQUER SITUACAO) - CONTRATO DE CONCESSAO
650,4,ROYALTIES MINIMOS PELA PRODUCAO DE PETROLEO EM PLATAFORMA - CESSAO ONEROSA - DECLARACAO DE COMERCIALIDADE A PARTIR DE 3/12/2012
651,4,ROYALTIES EXCEDENTES PELA PRODUCAO DE PETROLEO EM PLATAFORMA - CESSAO ONEROSA - DECLARACAO DE COMERCIALIDADE A PARTIR DE 3/12/2012
652,4,ROYALTIES PELA PRODUCAO DE PETROLEO EM PLATAFORMA - PARTILHA DE PRODUCAO - DECLARACAO DE COMERCIALIDADE A PARTIR DE 3/12/2012
653,0,OUTORGA DE DIREITOS DE EXPLORACAO E PESQUISA MINERAL
654,1,OUTORGA DE DIREITOS DE EXPLORACAO E PESQUISA MINERAL
655,1,UTILIZACAO DE RECURSOS HIDRICOS - ITAIPU
656,1,CONCESSAO DE FLORESTAS NACIONAIS - VALOR MINIMO
657,1,CONTRIBUICAO SOBRE A ARRECADACAO DOS FUNDOS DE INVESTIMENTOS REGIONAIS
658,1,CUSTOS DE EDITAL DE CONCESSAO FLORESTAL
659,1,EMOLUMENTOS E CUSTAS JUDICIAIS
660,1,CONTRIBUICAO DE MELHORIA PARA PAVIMENTACAO E OBRAS COMPLEMENTARES
661,0,OUTRAS CONTRIBUICOES DE MELHORIA
662,0,CONTRIBUICAO PARA O FINANCIAMENTO DA SEGURIDADE SOCIAL - COFINS
663,1,CONTRIBUICAO PARA O FINANCIAMENTO DA SEGURIDADE SOCIAL - COFINS
664,1,OUTROS VALORES MOBILIARIOS
665,0,OUTORGA DE DIREITO DE USO OU DE EXPLORACAO DE CRIACAO PROTEGIDA - INSTITUICAO CIENTIFICA E TECNOLOGICA
666,1,OUTORGA DE DIREITO DE USO OU DE EXPLORACAO DE CRIACAO PROTEGIDA - INSTITUICAO CIENTIFICA E TECNOLOGICA
667,1,DIREITO DE USO DA IMAGEM E DE REPRODUCAO DOS BENS DO ACERVO PATRIMONIAL
668,0,DELEGACAO PARA A PRESTACAO DOS SERVICOS DE TRANSPORTE
669,0,DELEGACAO PARA A PRESTACAO DOS SERVICOS DE TRANSPORTE FERROVIARIO
670,1,SERVICOS DE TRANSPORTE
671,3,PARCELA DA TARIFA DE EMBARQUE INTERNACIONAL
672,1,RESTITUICAO DE CONTRIBUICOES PREVIDENCIARIAS COMPLEMENTARES
673,1,RESTITUICAO DE RECURSOS DE FOMENTO
674,0,RESTITUICAO DE DEPOSITOS DE SENTENCAS JUDICIAIS NAO SACADOS
675,1,RESTITUICAO DE DEPOSITOS DE SENTENCAS JUDICIAIS NAO SACADOS
676,0,SERVICOS DE ASSISTENCIA A SAUDE DE SERVIDORES CIVIS E MILITARES
677,0,SERVICOS E ATIVIDADES FINANCEIRAS
678,2,ALIENACAO DE BENS E MERCADORIAS ASSOCIADOS AO TRAFICO ILICITO DE ENTORPECENTES E DROGAS AFINS
679,1,APORTES PERIODICOS PARA AMORTIZACAO DE DEFICIT ATUARIAL DO RPPS
680,6,TRANSFERENCIAS DE CONVENIOS DOS ESTADOS DESTINADAS A PROGRAMAS DE MEIO AMBIENTE
681,0,PARTICIPACAO NA RECEITA DA UNIAO
682,1,COTA-PARTE DO FUNDO DE PARTICIPACAO DOS ESTADOS E DO DISTRITO FEDERAL
683,3,COTA-PARTE DO FUNDO DE PARTICIPACAO DO MUNICIPIOS - 1% COTA ENTREGUE NO MES DE DEZEMBRO
684,0,APORTES PERIODICOS PARA COMPENSACOES AO RGPS
685,0,TRANSFERENCIA DA COMPENSACAO FINANCEIRA PELA EXPLORACAO DE RECURSOS NATURAIS
686,1,ENCARGOS LEGAIS PELA INSCRICAO EM DIVIDA ATIVA
687,6,COTA-PARTE DO FUNDO ESPECIAL DO PETROLEO - FEP
688,2,TRANSFERENCIAS DE RECURSOS DA COMPLEMENTACAO DA UNIAO AO FUNDO DE MANUTENCAO E DESENVOLVIMENTO DA EDUCACAO BASICA E DE VALORIZACAO DOS PROFISSIONAIS D
689,0,OPERACOES DE CREDITO
690,1,TRANSFERENCIAS DO SALARIO-EDUCACAO
691,4,TRANSFERENCIAS DIRETAS DO FNDE REFERENTES AO PROGRAMA NACIONAL DE APOIO AO TRANSPORTE DO ESCOLAR - PNATE
692,0,MULTAS PREVISTAS EM LEGISLACAO ESPECIFICA
693,0,OPERACOES DE CREDITO INTERNAS DE ESTADOS/DF/MUNICIPIOS
694,1,OPERACOES DE CREDITO INTERNAS PARA PROGRAMAS DE EDUCACAO
695,0,OUTRAS OPERACOES DE CREDITO - MERCADO INTERNO
696,0,TRANSFERENCIA FINANCEIRA DO ICMS - DESONERACAO - L.C. NO 87/96
697,0,OPERACAO DE CREDITO EXTERNAS - ESTADOS/DF/MUNICIPIOS
698,2,OPERACOES DE CREDITO EXTERNAS PARA PROGRAMAS DE SAUDE
699,6,OPERACOES DE CREDITO EXTERNAS PARA REFINANCIAMENTO DA DIVIDA CONTRATUAL
700,0,ALIENACAO DE BENS MOVEIS
701,0,ALIENACAO DE TITULOS MOBILIARIOS
702,0,ALIENACAO DE ESTOQUES
703,3,TRANSFERENCIAS DE CONVENIOS DA UNIAO DESTINADAS A PROGRAMAS DE ASSISTENCIA SOCIAL
704,0,MULTAS PREVISTAS NA LEGISLACAO DO SEGURO-DESEMPREGO E ABONO SALARIAL
705,0,MULTAS PREVISTAS NA LEGISLACAO SOBRE DEFESA DOS DIREITOS DIFUSOS
706,0,ALIENACAO DE ESTOQUES DA POLITICA DE GARANTIA DE PRECOS MINIMOS - PGPM
707,0,ALIENACAO DE ESTOQUES DO PROGRAMA DE AQUISICAO DE ALIMENTOS - PAA
708,1,MULTAS ADMINISTRATIVAS POR DANOS AMBIENTAIS
709,0,MULTAS APLICADAS PELOS TRIBUNAIS DE CONTAS
710,0,"TRANSFERENCIAS DOS ESTADOS - ESPECIFICAS DE ESTADOS, DF E MUNICIPIOS"
711,0,PARTICIPACAO NA RECEITA DOS ESTADOS
712,4,COTA-PARTE DA CONTRIBUICAO DE INTERVENCAO NO DOMINIO ECONOMICO
713,1,RESTITUICAO DE BENEFICIOS NAO DESEMBOLSADOS
714,4,IMPOSTO SOBRE A RENDA - RETIDO NA FONTE - OUTROS RENDIMENTOS
715,0,TAXA DE CONTROLE E FISCALIZACAO DA PESCA E AQUICULTURA
716,5,IMPOSTO SOBRE VENDAS A VAREJO DE COMBUSTIVEIS LIQUIDOS E GASOSOS (IVVC)
814,0,RECEITA INTRAORCAMENTARIA - TAXA DE CONTROLE E FISCALIZACAO AMBIENTAL
815,1,RECEITA INTRAORCAMENTARIA - TAXA DE CONTROLE E FISCALIZACAO AMBIENTAL
816,0,RECURSOS ARRECADADOS EM EXERCICIOS ANTERIORES
817,0,DEDUC?O DAS RECEITAS - OUTRAS RECEITAS CORRENTES
818,0,DEDUC?O DAS RECEITAS - TRANSFERENCIAS CORRENTES
819,0,"DEDUC?O DAS RECEITAS - IMPOSTOS, TAXAS E CONTRIBUIC?ES DE MELHORIA"
820,0,DEDUC?O DAS RECEITAS - IMPOSTOS
821,0,DEDUC?O DAS RECEITAS - TRANSFERENCIAS DA UNI?O E DE SUAS ENTIDADES
822,0,DEDUC?O DAS RECEITAS - RECEITA PATRIMONIAL
823,5,TRANSFERENCIAS DE RECURSOS DO SISTEMA UNICO DE SAUDE ? SUS DESTINADOS A GESTAO DO SUS
824,0,DEDUCAO DAS RECEITAS - OUTRAS RECEITAS CORRENTES
825,0,TRANSFERENCIA DE RECURSOS DO SISTEMA UNICO DE SAUDE ? SUS ? REPASSES FUNDO A FUNDO BLOCO CUSTEIO DAS ACOES E SERVICOS PUBLICOS DE SAUDE
826,6,"OUTRAS TRANSFERENCIAS DE RECURSOS DO SISTEMA UNICO DE SAUDE ? SUS, NAO DETALHADAS ANTERIORMENTE"
827,0,DEDUCAO DAS RECEITAS - RECEITA PATRIMONIAL
828,1,TRANSFERENCIAS DE RECURSOS DO SISTEMA UNICO DE SAUDE ? SUS DESTINADOS A ATENCAO BASICA
829,5,TRANSFERENCIA DE RECURSOS DO SUS ? GESTAO DO SUS
830,0,"DEDUCAO DAS RECEITAS - IMPOSTOS, TAXAS E CONTRIBUICOES DE MELHORIA"
831,2,TRANSFERENCIA DE RECURSOS DO SUS ? ATENCAO DE MEDIA E ALTA COMPLEXIDADE AMBULATORIAL E HOSPITALAR
832,0,TRANSFERENCIAS DE RECURSOS DO SISTEMA UNICO DE SAUDE ? SUS - BLOCO INVESTIMENTOS NA REDE DE SERVICOS PUBLICOS DE SAUDE
833,4,TRANSFERENCIAS DE RECURSOS DO SISTEMA UNICO DE SAUDE ? SUS DESTINADOS A GESTAO E DESENVOLVIMENTO DE TECNOLOGIAS EM SAUDE NO SUS
834,0,DEDUCAO DAS RECEITAS - IMPOSTOS
835,3,TRANSFERENCIA DE RECURSOS DO SUS ? VIGILANCIA EM SAUDE
836,2,TRANSFERENCIAS DE RECURSOS DO SISTEMA UNICO DE SAUDE ? SUS DESTINADOS A ATENCAO ESPECIALIZADA
837,0,DEDUCAO DAS RECEITAS - TRANSFERENCIAS CORRENTES
838,0,DEDUCAO DAS RECEITAS - TRANSFERENCIAS DA UNIAO E DE SUAS ENTIDADES
839,4,TRANSFERENCIA DE RECURSOS DO SUS ? ASSISTENCIA FARMACEUTICA
840,3,TRANSFERENCIAS DE RECURSOS DO SISTEMA UNICO DE SAUDE ? SUS DESTINADOS A VIGILANCIA EM SAUDE
717,0,"IMPOSTOS, TAXAS E CONTRIBUICOES DE MELHORIA"
718,0,IMPOSTO SOBRE A RENDA DE PESSOA FISICA - IRPF
719,1,IMPOSTO SOBRE A RENDA DE PESSOA FISICA - IRPF
720,1,RESGATE DE TITULOS DO TESOURO
721,0,"DEMAIS RECEITAS DE CAPITAL ESPECIFICAS DE ESTADOS, DF E MUNICIPIOS"
722,0,"RECEITA INTRAORCAMENTARIA - TAXAS DE INSPECAO, CONTROLE E FISCALIZACAO"
723,0,RECEITA INTRAORCAMENTARIA - RESTITUICOES
724,0,DEDUCAO DAS RECEITAS
725,2,DEDUCAO DAS RECEITAS - IMPOSTO SOBRE A PROPRIEDADE DE VEICULOS AUTOMOTORES - PRINCIPAL
726,3,"DEDUCAO DAS RECEITAS - IMPOSTO SOBRE TRANSMISSAO ""CAUSA MORTIS"" E DOACAO DE BENS E DIREITOS - DIVIDA ATIVA - COTA PARTE DO ESTADO PARA O FUNDEB"
727,0,RECEITA INTRAORCAMENTARIA - OUTRAS CONTRIBUICOES SOCIAIS
728,1,RECEITA INTRAORCAMENTARIA - ALUGUEIS E ARRENDAMENTOS
729,0,RECEITA INTRAORCAMENTARIA - RECEITA DE SERVICOS
730,1,TRANSFERENCIAS DO EXTERIOR
731,0,"TRANSFERENCIAS DO EXTERIOR - ESPECIFICAS DE ESTADOS, DF E MUNICIPIOS"
732,1,TRANSFERENCIAS PROVENIENTES DE DEPOSITO NAO IDENTIFICADOS
733,2,RESULTADO DO BANCO CENTRAL - DEMAIS OPERACOES
734,1,DEDUCAO DAS RECEITAS - MULTAS PREVISTAS EM LEGISLACAO ESPECIFICA
735,1,OUTRAS TRANSFERENCIAS DA UNIAO
736,4,DEDUCAO DAS RECEITAS - REMUNERACAO DOS RECURSOS DO REGIME PROPRIO DE PREVIDENCIA SOCIAL - RPPS - PRINCIPAL
737,4,DEDUCAO DAS RECEITAS - REMUNERACAO DOS RECURSOS DO REGIME PROPRIO DE PREVIDENCIA SOCIAL - RPPS - PRINCIPAL - RENDA VARIAVEL
738,0,DEDUCAO DAS RECEITAS - OUTROS VALORES MOBILIARIOS
739,1,DEDUCAO DAS RECEITAS - OUTROS VALORES MOBILIARIOS - PRINCIPAL - TITULOS DE RESPONSABILIDADE DO GOVERNO FEDERAL - VINCULADO AO RPPS
740,1,DEDUCAO DAS RECEITAS - COTA-PARTE DO FUNDO DE PARTICIPACAO DOS ESTADOS E DO DISTRITO FEDERAL
741,6,DEDUCAO DAS RECEITAS - COTA-PARTE DO IMPOSTO SOBRE PRODUTOS INDUSTRIALIZADOS - ESTADOS EXPORTADORES DE PRODUTOS INDUSTRIALIZADOS - PRINCIPAL
742,1,DEDUCAO DAS RECEITAS - TRANSFERENCIA FINANCEIRA DO ICMS - DESONERACAO - L.C. NO 87/96
743,1,DEDUCAO DAS RECEITAS - TRANSFERENCIA FINANCEIRA DO ICMS - DESONERACAO - L.C. NO 87/96 - PRINCIPAL
744,1,DEMAIS RECEITAS PATRIMONIAIS
745,1,CONTRIBUICAO PATRONAL DE SERVIDOR ATIVO CIVIL PARA O RPPS
746,0,DELEGACAO PARA A PRESTACAO DOS SERVICOS DE TRANSPORTE METROVIARIO
747,1,DELEGACAO PARA A PRESTACAO DOS SERVICOS DE TRANSPORTE AQUAVIARIO
748,0,DELEGACAO PARA A PRESTACAO DOS SERVICOS DE TRANSPORTE AEROVIARIO
749,2,CONTRIBUICAO PATRONAL DOS SERVIDORES CIVIS INATIVOS
750,5,CESSAO DO DIREITO DE EXPLORACAO DE SATELITE BRASILEIRO
751,2,CONTRIBUICAO PARA O PROGRAMA DE REDISTRIBUICAO DE TERRAS E DE ESTIMULO A AGROINDUSTRIA DO NORTE E DO NORDESTE - PROTERRA
752,1,CONTRIBUICAO PARA O DESENVOLVIMENTO DA INDUSTRIA CINEMATOGRAFICA NACIONAL - CONDECINE
753,0,OUTORGA DE EXPLORACAO E PRODUCAO DE PETROLEO E GAS NATURAL - REGIME DE CONCESSAO
754,1,"CONTRIBUICAO PELA LICENCA DE USO, AQUISICAO OU TRANSFERENCIA DE TECNOLOGIA - CIDE - REMESSAS AO EXTERIOR"
755,2,CONTRIBUICAO DE INTERVENCAO NO DOMINIO ECONOMICO - CIDE-COMBUSTIVEIS - COMERCIALIZACAO
756,2,CONTRIBUICAO SOBRE A RECEITA BRUTA DAS EMPRESAS PRESTADORAS DE SERVICOS DE TELECOMUNICACOES
757,3,PARTICIPACAO ESPECIAL PELA PRODUCAO DE PETROLEO EM PLATAFORMA - CONTRATO DE CONCESSAO - DECLARACAO DE COMERCIALIDADE ANTES DE 3/12/2012 - DEMAIS SITUA
758,1,ROYALTIES MINIMOS PELA PRODUCAO DE PETROLEO EM TERRA - CESSAO ONEROSA - DECLARACAO DE COMERCIALIDADE A PARTIR DE 3/12/2012
759,1,CONTRIBUICAO SOBRE O FATURAMENTO DAS EMPRESAS DE INFORMATICA INSTALADAS NA AMAZONIA
760,0,CONTRIBUICAO PARA OS PROGRAMAS DE INTEGRACAO SOCIAL E DE FORMACAO DO PATRIMONIO DO SERVIDOR PUBLICO - PIS E PASEP
761,0,COMPENSACAO FINANCEIRA COM A EXPLORACAO DE RECURSOS HIDRICOS
762,0,EXPLORACAO DE RECURSOS FLORESTAIS
763,0,ADICIONAL A CONTRIBUICAO PREVIDENCIARIA RURAL
764,0,"CONTRIBUICAO DE MELHORIA - ESPECIFICA DE ESTADOS, DF E MUNICIPIOS"
765,0,CONTRIBUICAO DE MELHORIA PARA EXPANSAO DA REDE DE AGUA POTAVEL E ESGOTO SANITARIO
766,0,CONTRIBUICAO SOBRE MOVIMENTACAO OU TRANSMISSAO DE VALORES E DE CREDITOS E DIREITOS DE NATUREZA FINANCEIRA
767,1,CONTRIBUICAO SOBRE MOVIMENTACAO OU TRANSMISSAO DE VALORES E DE CREDITOS E DIREITOS DE NATUREZA FINANCEIRA
768,2,REMUNERACAO DE DEPOSITOS ESPECIAIS
769,0,DIVIDENDOS
770,1,DIVIDENDOS
771,1,CONTRIBUICAO SOCIAL SOBRE O LUCRO LIQUIDO - CSLL
772,1,PARTICIPACOES
773,0,DELEGACAO PARA A PRESTACAO DOS SERVICOS DE TRANSPORTE RODOVIARIO
774,0,ROYALTIES PELA EXPLORACAO DO PATRIMONIO GENETICO OU CONHECIMENTO TRADICIONAL ASSOCIADO
775,1,CESSAO DO DIREITO DE OPERACIONALIZACAO DE PAGAMENTOS
776,0,TRANSFERENCIAS DE RECURSOS DESTINADOS A PROGRAMAS DE EDUCACAO
777,0,TRANSFERENCIA DE RECURSOS DO ESTADO PARA PROGRAMAS DE SAUDE - REPASSE FUNDO A FUNDO
778,1,RESTITUICAO DE BENEFICIOS ASSISTENCIAIS
779,0,RESTITUICAO DE CONTRIBUICOES PREVIDENCIARIAS COMPLEMENTARES
780,1,TRANSFERENCIAS DE ESTADOS DESTINADAS A ASSISTENCIA SOCIAL
781,0,RESTITUICAO DECORRENTE DA NAO APLICACAO DE INCENTIVOS FISCAIS
782,1,RESTITUICAO DECORRENTE DA APLICACAO IRREGULAR DE RECURSOS ELEITORAIS
783,0,OUTRAS TRANSFERENCIAS DOS ESTADOS
784,0,"RETORNO DE OPERACOES, JUROS E ENCARGOS FINANCEIROS"
785,1,TRANSFERENCIAS DE MUNICIPIOS A CONSORCIOS PUBLICOS
786,2,TRANSFERENCIAS DE CONVENIO DOS MUNICIPIOS DESTINADAS A PROGRAMAS DE EDUCACAO
787,0,RESSARCIMENTO AO REGIME GERAL DE PREVIDENCIA SOCIAL - RGPS
788,0,"BENS, DIREITOS E VALORES PERDIDOS EM FAVOR DO PODER PUBLICO"
789,0,ALIENACAO DE BENS APREENDIDOS
790,1,TRANSFERENCIAS DE CONVENIOS DOS ESTADOS PARA O SISTEMA UNICO DE SAUDE - SUS
791,7,TRANSFERENCIAS DE CONVENIOS DOS ESTADOS DESTINADAS A PROGRAMAS DE INFRAESTRUTURA EM TRANSPORTE
792,7,COTA-PARTE DA CONTRIBUICAO DE INTERVENCAO NO DOMINIO ECONOMICO
793,0,PREMIO DO SEGURO OBRIGATORIO DE DANOS PESSOAIS CAUSADOS POR VEICULOS AUTOMOTORES DE VIA TERRESTRE - DPVAT
794,1,OUTRAS RECEITAS - PRIMARIAS
795,9,OUTRAS TRANSFERENCIAS DECORRENTES DE COMPENSACAO FINANCEIRA PELA EXPLORACAO DE RECURSOS NATURAIS
796,0,OPERACOES DE CREDITO - MERCADO INTERNO
797,0,TITULOS DE RESPONSABILIDADE DO TESOURO NACIONAL - MERCADO INTERNO
798,0,OPERACOES DE CREDITO CONTRATUAIS - MERCADO INTERNO
799,2,TRANSFERENCIAS DE CONVENIOS DOS MUNICIPIOS DESTINADAS A PROGRAMAS DE EDUCACAO
800,0,TRANSFERENCIAS DE RECURSOS DO FUNDO NACIONAL DO DESENVOLVIMENTO DA EDUCACAO - FNDE
801,1,TRANSFERENCIAS PROVENIENTES DE DEPOSITOS NAO IDENTIFICADOS
802,1,MULTAS PREVISTAS EM LEGISLACAO ESPECIFICA
803,5,OPERACOES DE CREDITO INTERNAS PARA PROGRAMAS DE MODERNIZACAO DA ADMINISTRACAO PUBLICA
804,0,TRANSFERENCIAS DA UNIAO A CONSORCIOS PUBLICOS
805,1,OUTRAS OPERACOES DE CREDITO - MERCADO EXTERNO
806,4,TRANSFERENCIAS DE CONVENIOS DA UNIAO DESTINADAS A PROGRAMAS DE COMBATE A FOME
807,0,ALIENACAO DE BENS IMOVEIS
808,1,AMORTIZACAO PROVENIENTE DA EXECUCAO DE GARANTIA - OPERACOES DE CREDITO
809,1,AMORTIZACAO DE EMPRESTIMOS - ESTADOS E MUNICIPIOS
810,1,AMORTIZACAO DE EMPRESTIMOS - PROGRAMA DAS OPERACOES OFICIAIS DE CREDITO
811,1,AMORTIZACAO DE EMPRESTIMOS CONTRATUAIS
812,1,AMORTIZACAO DE FINANCIAMENTOS
813,1,AMORTIZACAO DE FINANCIAMENTO DO FUNDO DE FINANCIAMENTO AO ESTUDANTE DO ENSINO SUPERIOR - FIES
841,0,TRANSFERENCIA DE RECURSOS DO SISTEMA UNICO DE SAUDE   SUS   REPASSES FUNDO A FUNDO BLOCO INVESTIMENTO DAS ACOES E SERVICOS PUBLICOS DE SAUDE
